Municipio;Margen;barrio;CP;distancia_centro;metro;num_comercios;bares_restaurantes;porcentaje_inmigracion;porcentaje_crimenes;tipo_vivienda;numhab;garaje;m2;años;obra_5_años;precio
Alonsótegui;Zona Minera;Alonsótegui;48810;8,99;no;21;4;0,15;0,03;Piso;1;1;70;40;1;119467,3602
Alonsótegui;Zona Minera;Alonsótegui;48810;8,06;no;21;4;0,15;0,03;Piso;2;0;132;40;1;156395,9804
Alonsótegui;Zona Minera;Alonsótegui;48810;7,82;no;21;4;0,15;0,03;Piso;3;1;128;38;1;195015,5061
Alonsótegui;Zona Minera;Alonsótegui;48810;7,24;no;21;4;0,15;0,03;Piso;2;0;76;35;0;100575,5265
Alonsótegui;Zona Minera;Alonsótegui;48810;7,44;no;21;4;0,15;0,03;Piso;1;1;33;8;1;45998,565
Alonsótegui;Zona Minera;Alonsótegui;48810;8,65;no;21;4;0,15;0,03;Piso;1;0;70;28;1;107616,9228
Alonsótegui;Zona Minera;Alonsótegui;48810;6,36;no;21;4;0,15;0,03;Piso;4;1;124;58;0;150699,7993
Alonsótegui;Zona Minera;Alonsótegui;48810;6,78;no;21;4;0,15;0,03;Piso;4;0;140;73;0;160258,1189
Alonsótegui;Zona Minera;Alonsótegui;48810;6,09;no;21;4;0,15;0,03;Piso;2;1;39;62;0;50644,59949
Alonsótegui;Zona Minera;Alonsótegui;48810;8,58;no;21;4;0,15;0,03;Piso;1;1;39;30;0;56786,42434
Alonsótegui;Zona Minera;Alonsótegui;48810;8,78;no;21;4;0,15;0,03;Piso;2;1;156;39;1;207443,5078
Alonsótegui;Zona Minera;Alonsótegui;48810;8,52;no;21;4;0,15;0,03;Piso;1;1;20;16;1;31433,49898
Alonsótegui;Zona Minera;Alonsótegui;48810;7,83;no;21;4;0,15;0,03;Piso;4;1;108;65;0;136753,6563
Alonsótegui;Zona Minera;Alonsótegui;48810;8,99;no;21;4;0,15;0,03;Piso;2;0;105;66;1;138470,1069
Alonsótegui;Zona Minera;Alonsótegui;48810;6,82;no;21;4;0,15;0,03;Piso;4;1;117;12;0;149615,7184
Alonsótegui;Zona Minera;Alonsótegui;48810;8,57;no;21;4;0,15;0,03;Piso;2;1;58;35;0;77092,00212
Alonsótegui;Zona Minera;Alonsótegui;48810;8,69;no;21;4;0,15;0,03;Piso;2;1;22;53;1;43560,01173
Alonsótegui;Zona Minera;Alonsótegui;48810;8,24;no;21;4;0,15;0,03;Piso;2;1;66;37;0;93102,1687
Alonsótegui;Zona Minera;Alonsótegui;48810;6,9;no;21;4;0,15;0,03;Piso;2;0;108;15;1;140108,5357
Alonsótegui;Zona Minera;Alonsótegui;48810;8,09;no;21;4;0,15;0,03;Piso;1;0;48;59;0;68165,44885
Alonsótegui;Zona Minera;Alonsótegui;48810;6,1;no;21;4;0,15;0,03;Piso;3;1;104;49;0;135549,9254
Alonsótegui;Zona Minera;Alonsótegui;48810;8,99;no;21;4;0,15;0,03;Piso;1;0;76;61;1;112900,6401
Alonsótegui;Zona Minera;Alonsótegui;48810;6,1;no;21;4;0,15;0,03;Piso;4;0;114;23;0;169665,2389
Alonsótegui;Zona Minera;Alonsótegui;48810;8,51;no;21;4;0,15;0,03;Piso;3;0;114;28;0;160171,5581
Alonsótegui;Zona Minera;Alonsótegui;48810;8,79;no;21;4;0,15;0,03;Piso;1;0;92;48;1;141679,6424
Alonsótegui;Zona Minera;Alonsótegui;48810;8,97;no;21;4;0,15;0,03;Piso;1;0;33;28;1;46091,04035
Alonsótegui;Zona Minera;Alonsótegui;48810;8,33;no;21;4;0,15;0,03;Piso;2;1;32;67;0;50968,18131
Alonsótegui;Zona Minera;Alonsótegui;48810;7,85;no;21;4;0,15;0,03;Piso;4;1;124;22;0;145930,72
Alonsótegui;Zona Minera;Alonsótegui;48810;8,07;no;21;4;0,15;0,03;Piso;2;1;22;79;1;39145,74399
Alonsótegui;Zona Minera;Alonsótegui;48810;8,11;no;21;4;0,15;0,03;Piso;3;0;116;69;0;176159,7713
Alonsótegui;Zona Minera;Alonsótegui;48810;7,05;no;21;4;0,15;0,03;Piso;1;0;84;2;0;100193,0062
Alonsótegui;Zona Minera;Alonsótegui;48810;7,27;no;21;4;0,15;0,03;Piso;2;1;37;15;0;63073,84061
Alonsótegui;Zona Minera;Alonsótegui;48810;8,93;no;21;4;0,15;0,03;Piso;2;0;66;33;1;94751,84373
Alonsótegui;Zona Minera;Alonsótegui;48810;7,55;no;21;4;0,15;0,03;Piso;2;1;40;2;0;66003,41801
Alonsótegui;Zona Minera;Alonsótegui;48810;6,58;no;21;4;0,15;0,03;Piso;1;1;50;62;0;76443,60081
Alonsótegui;Zona Minera;Alonsótegui;48810;7,83;no;21;4;0,15;0,03;Piso;2;0;160;51;1;193693,4028
Alonsótegui;Zona Minera;Alonsótegui;48810;6,42;no;21;4;0,15;0,03;Piso;2;0;120;46;0;167397,3521
Alonsótegui;Zona Minera;Alonsótegui;48810;7,4;no;21;4;0,15;0,03;Piso;1;1;75;22;1;104778,9221
Alonsótegui;Zona Minera;Alonsótegui;48810;6,89;no;21;4;0,15;0,03;Piso;2;0;84;16;1;122774,6484
Alonsótegui;Zona Minera;Alonsótegui;48810;6,38;no;21;4;0,15;0,03;Piso;2;0;88;68;1;129789,2894
Alonsótegui;Zona Minera;Alonsótegui;48810;8,12;no;21;4;0,15;0,03;Piso;2;0;148;20;1;171461,8004
Alonsótegui;Zona Minera;Alonsótegui;48810;8,7;no;21;4;0,15;0,03;Piso;1;1;23;14;1;38716,00537
Alonsótegui;Zona Minera;Alonsótegui;48810;6,92;no;21;4;0,15;0,03;Piso;3;0;124;40;0;142446,4673
Alonsótegui;Zona Minera;Alonsótegui;48810;8,62;no;21;4;0,15;0,03;Piso;2;1;56;65;0;88538,42952
Alonsótegui;Zona Minera;Alonsótegui;48810;6,61;no;21;4;0,15;0,03;Piso;2;0;42;58;1;65884,94881
Alonsótegui;Zona Minera;Alonsótegui;48810;7,88;no;21;4;0,15;0,03;Piso;2;0;60;71;0;75198,63482
Alonsótegui;Zona Minera;Alonsótegui;48810;8,98;no;21;4;0,15;0,03;Piso;2;1;92;28;1;126812,228
Alonsótegui;Zona Minera;Alonsótegui;48810;7,81;no;21;4;0,15;0,03;Piso;3;1;102;24;1;126047,7971
Alonsótegui;Zona Minera;Alonsótegui;48810;6,54;no;21;4;0,15;0,03;Piso;1;0;29;71;0;48449,86607
Alonsótegui;Zona Minera;Alonsótegui;48810;7,04;no;21;4;0,15;0,03;Piso;1;1;40;37;0;52040,56823
Alonsótegui;Zona Minera;Alonsótegui;48810;6,57;no;21;4;0,15;0,03;Piso;2;1;117;3;0;150904,4304
Alonsótegui;Zona Minera;Alonsótegui;48810;7,07;no;21;4;0,15;0,03;Casa;6;1;196;50;0;240891,722
Alonsótegui;Zona Minera;Alonsótegui;48810;8,86;no;21;4;0,15;0,03;Casa;6;1;181;38;1;269059,6868
Alonsótegui;Zona Minera;Alonsótegui;48810;6,36;no;21;4;0,15;0,03;Casa;3;0;181;38;1;252612,528
Alonsótegui;Zona Minera;Alonsótegui;48810;6,92;no;21;4;0,15;0,03;Casa;3;0;244;29;1;354723,3929
Alonsótegui;Zona Minera;Alonsótegui;48810;6,29;no;21;4;0,15;0,03;Casa;3;0;121;54;0;185606,8337
Alonsótegui;Zona Minera;Alonsótegui;48810;6,94;no;21;4;0,15;0,03;Casa;4;1;192;67;1;290357,5926
Alonsótegui;Zona Minera;Alonsótegui;48810;7,15;no;21;4;0,15;0,03;Casa;6;0;237;15;0;350416,3003
Alonsótegui;Zona Minera;Alonsótegui;48810;8;no;21;4;0,15;0,03;Casa;6;1;158;54;1;233728,3025
Alonsótegui;Zona Minera;Alonsótegui;48810;6,08;no;21;4;0,15;0,03;Casa;4;1;165;30;0;206600,4687
Alonsótegui;Zona Minera;Alonsótegui;48810;7,5;no;21;4;0,15;0,03;Casa;4;0;130;37;1;182834,6951
Alonsótegui;Zona Minera;Alonsótegui;48810;6,77;no;21;4;0,15;0,03;Casa;5;0;200;43;1;286793,4975
Alonsótegui;Zona Minera;Alonsótegui;48810;8,36;no;21;4;0,15;0,03;Casa;5;1;200;26;0;271380,7806
Alonsótegui;Zona Minera;Alonsótegui;48810;8,58;no;21;4;0,15;0,03;Casa;6;1;159;33;1;204588,089
Alonsótegui;Zona Minera;Alonsótegui;48810;7,17;no;21;4;0,15;0,03;Casa;6;0;105;42;1;153370,1092
Alonsótegui;Zona Minera;Alonsótegui;48810;6,1;no;21;4;0,15;0,03;Casa;5;1;219;62;1;317592,3094
Alonsótegui;Zona Minera;Alonsótegui;48810;7,82;no;21;4;0,15;0,03;Casa;5;1;166;64;0;252552,5108
Alonsótegui;Zona Minera;Alonsótegui;48810;8,45;no;21;4;0,15;0,03;Casa;5;0;213;65;0;271582,4961
Alonsótegui;Zona Minera;Alonsótegui;48810;7,97;no;21;4;0,15;0,03;Casa;3;1;156;50;0;180496,2317
Alonsótegui;Zona Minera;Alonsótegui;48810;7,13;no;21;4;0,15;0,03;Casa;5;1;180;49;1;215619,1787
Alonsótegui;Zona Minera;Alonsótegui;48810;6,91;no;21;4;0,15;0,03;Casa;6;0;201;10;1;304129,6984
Alonsótegui;Zona Minera;Alonsótegui;48810;8,93;no;21;4;0,15;0,03;Casa;3;1;206;34;1;251713,8636
Alonsótegui;Zona Minera;Alonsótegui;48810;8,9;no;21;4;0,15;0,03;Casa;4;0;225;12;0;281517,2914
Alonsótegui;Zona Minera;Alonsótegui;48810;6,63;no;21;4;0,15;0,03;Casa;5;1;106;2;0;145848,4113
Alonsótegui;Zona Minera;Alonsótegui;48810;8,39;no;21;4;0,15;0,03;Casa;6;0;235;12;0;316784,2574
Alonsótegui;Zona Minera;Alonsótegui;48810;7,21;no;21;4;0,15;0,03;Casa;6;0;212;57;0;259023,7634
Alonsótegui;Zona Minera;Alonsótegui;48810;8,4;no;21;4;0,15;0,03;Casa;4;1;157;2;1;198389,7771
Alonsótegui;Zona Minera;Alonsótegui;48810;6,76;no;21;4;0,15;0,03;Casa;3;1;152;26;0;193449,4291
Alonsótegui;Zona Minera;Alonsótegui;48810;7,91;no;21;4;0,15;0,03;Casa;3;0;164;29;1;229966,4269
Alonsótegui;Zona Minera;Alonsótegui;48810;7,03;no;21;4;0,15;0,03;Casa;5;0;189;29;1;243149,3429
Alonsótegui;Zona Minera;Alonsótegui;48810;6,34;no;21;4;0,15;0,03;Casa;5;1;210;6;0;268673,425
Alonsótegui;Zona Minera;Alonsótegui;48810;7,95;no;21;4;0,15;0,03;Casa;4;0;147;68;0;201375,6888
Alonsótegui;Zona Minera;Alonsótegui;48810;6;no;21;4;0,15;0,03;Casa;3;0;168;29;0;215310,8152
Alonsótegui;Zona Minera;Alonsótegui;48810;8,28;no;21;4;0,15;0,03;Casa;3;0;196;18;0;275281,0109
Alonsótegui;Zona Minera;Alonsótegui;48810;7,68;no;21;4;0,15;0,03;Casa;3;0;124;33;0;189929,2023
Alonsótegui;Zona Minera;Alonsótegui;48810;8,71;no;21;4;0,15;0,03;Casa;4;1;175;46;1;255904,1197
Alonsótegui;Zona Minera;Alonsótegui;48810;6,03;no;21;4;0,15;0,03;Casa;4;1;158;22;0;186277,7541
Alonsótegui;Zona Minera;Alonsótegui;48810;7,72;no;21;4;0,15;0,03;Casa;6;0;102;17;0;146401,2824
Alonsótegui;Zona Minera;Alonsótegui;48810;8,27;no;21;4;0,15;0,03;Casa;5;0;225;48;1;282970,8408
Alonsótegui;Zona Minera;Alonsótegui;48810;7,22;no;21;4;0,15;0,03;Casa;3;0;132;29;1;182283,0326
Alonsótegui;Zona Minera;Alonsótegui;48810;6,86;no;21;4;0,15;0,03;Casa;5;1;101;34;0;123204,7282
Alonsótegui;Zona Minera;Alonsótegui;48810;7,72;no;21;4;0,15;0,03;Casa;4;0;238;63;0;337053,7062
Alonsótegui;Zona Minera;Alonsótegui;48810;8,41;no;21;4;0,15;0,03;Casa;3;0;127;27;0;167542,7003
Alonsótegui;Zona Minera;Alonsótegui;48810;6,12;no;21;4;0,15;0,03;Casa;5;1;235;67;1;286816,1911
Alonsótegui;Zona Minera;Alonsótegui;48810;6,93;no;21;4;0,15;0,03;Casa;3;0;223;18;1;287731,3352
Alonsótegui;Zona Minera;Alonsótegui;48810;8,32;no;21;4;0,15;0,03;Casa;3;0;163;23;0;246099,8258
Alonsótegui;Zona Minera;Alonsótegui;48810;7,23;no;21;4;0,15;0,03;Casa;6;1;207;8;0;296812,6729
Alonsótegui;Zona Minera;Alonsótegui;48810;6,83;no;21;4;0,15;0,03;Casa;4;1;176;46;1;220543,7742
Alonsótegui;Zona Minera;Alonsótegui;48810;7,54;no;21;4;0,15;0,03;Casa;6;1;173;56;0;220561,1785
Getxo;Margen Derecha;Las Arenas;48930;11,4;si;216;40;0,13;0,013925501;Piso;1;0;57;59;0;345119,5434
Getxo;Margen Derecha;Las Arenas;48930;10,94;si;216;40;0,13;0,013925501;Piso;2;0;96;12;0;432546,2326
Getxo;Margen Derecha;Las Arenas;48930;12,32;si;216;40;0,13;0,013925501;Piso;2;1;87;59;1;435221,3958
Getxo;Margen Derecha;Las Arenas;48930;12;si;216;40;0,13;0,013925501;Piso;3;1;134;57;0;545889,0425
Getxo;Margen Derecha;Las Arenas;48930;12,84;si;216;40;0,13;0,013925501;Piso;2;0;144;60;0;634839,5411
Getxo;Margen Derecha;Las Arenas;48930;11,67;si;216;40;0,13;0,013925501;Piso;2;0;106;42;1;487742,2058
Getxo;Margen Derecha;Las Arenas;48930;12,23;si;216;40;0,13;0,013925501;Piso;2;1;51;34;1;353736,4918
Getxo;Margen Derecha;Las Arenas;48930;10,72;si;216;40;0,13;0,013925501;Piso;1;1;84;39;1;448394,6271
Getxo;Margen Derecha;Las Arenas;48930;10,46;si;216;40;0,13;0,013925501;Piso;1;0;71;54;0;375910,2331
Getxo;Margen Derecha;Las Arenas;48930;11,64;si;216;40;0,13;0,013925501;Piso;2;0;82;14;0;437026,6252
Getxo;Margen Derecha;Las Arenas;48930;10,75;si;216;40;0,13;0,013925501;Piso;3;0;104;21;0;466485,0653
Getxo;Margen Derecha;Las Arenas;48930;12,73;si;216;40;0,13;0,013925501;Piso;3;1;150;56;1;663142,5724
Getxo;Margen Derecha;Las Arenas;48930;10,88;si;216;40;0,13;0,013925501;Piso;2;0;110;47;1;522306,8675
Getxo;Margen Derecha;Las Arenas;48930;12,79;si;216;40;0,13;0,013925501;Piso;3;1;146;30;1;608798,2165
Getxo;Margen Derecha;Las Arenas;48930;12,59;si;216;40;0,13;0,013925501;Piso;2;0;125;28;1;508092,2278
Getxo;Margen Derecha;Las Arenas;48930;10,01;si;216;40;0,13;0,013925501;Piso;1;1;83;54;1;392992,5824
Getxo;Margen Derecha;Las Arenas;48930;12,48;si;216;40;0,13;0,013925501;Piso;2;1;64;58;1;381418,513
Getxo;Margen Derecha;Las Arenas;48930;11,4;si;216;40;0,13;0,013925501;Piso;2;1;84;26;1;413525,0315
Getxo;Margen Derecha;Las Arenas;48930;12,84;si;216;40;0,13;0,013925501;Piso;1;0;71;52;0;384849,42
Getxo;Margen Derecha;Las Arenas;48930;12,48;si;216;40;0,13;0,013925501;Piso;2;0;71;25;1;397476,2729
Getxo;Margen Derecha;Las Arenas;48930;10,16;si;216;40;0,13;0,013925501;Piso;2;1;113;26;0;518728,2058
Getxo;Margen Derecha;Las Arenas;48930;12,38;si;216;40;0,13;0,013925501;Piso;1;0;72;33;1;377753,4307
Getxo;Margen Derecha;Las Arenas;48930;11,53;si;216;40;0,13;0,013925501;Piso;4;0;110;14;1;474792,1297
Getxo;Margen Derecha;Las Arenas;48930;12,54;si;216;40;0,13;0,013925501;Piso;1;0;84;7;1;443863,6542
Getxo;Margen Derecha;Las Arenas;48930;10,66;si;216;40;0,13;0,013925501;Piso;3;0;135;27;0;547300,0696
Getxo;Margen Derecha;Las Arenas;48930;12,03;si;216;40;0,13;0,013925501;Piso;2;1;108;25;1;529395,6512
Getxo;Margen Derecha;Las Arenas;48930;10,7;si;216;40;0,13;0,013925501;Piso;2;0;130;4;1;517526,6639
Getxo;Margen Derecha;Las Arenas;48930;11,61;si;216;40;0,13;0,013925501;Piso;2;1;126;9;0;514460,6097
Getxo;Margen Derecha;Las Arenas;48930;10,16;si;216;40;0,13;0,013925501;Piso;1;1;62;60;0;385903,1336
Getxo;Margen Derecha;Las Arenas;48930;10,94;si;216;40;0,13;0,013925501;Piso;2;0;87;22;1;413690,3185
Getxo;Margen Derecha;Las Arenas;48930;12,62;si;216;40;0,13;0,013925501;Piso;2;1;135;57;0;564903,4842
Getxo;Margen Derecha;Las Arenas;48930;11,01;si;216;40;0,13;0,013925501;Piso;2;0;79;7;1;440073,702
Getxo;Margen Derecha;Las Arenas;48930;10,55;si;216;40;0,13;0,013925501;Piso;2;0;70;14;1;367743,3187
Getxo;Margen Derecha;Las Arenas;48930;10,33;si;216;40;0,13;0,013925501;Piso;2;0;63;24;1;343071,6764
Getxo;Margen Derecha;Las Arenas;48930;10,07;si;216;40;0,13;0,013925501;Piso;3;1;123;53;1;522117,5848
Getxo;Margen Derecha;Las Arenas;48930;12,76;si;216;40;0,13;0,013925501;Piso;1;0;60;38;1;372323,0374
Getxo;Margen Derecha;Las Arenas;48930;12,93;si;216;40;0,13;0,013925501;Piso;3;1;102;33;0;499298,654
Getxo;Margen Derecha;Las Arenas;48930;10,32;si;216;40;0,13;0,013925501;Piso;3;0;148;3;0;644532,4093
Getxo;Margen Derecha;Las Arenas;48930;10,95;si;216;40;0,13;0,013925501;Piso;1;1;68;29;1;412321,6201
Getxo;Margen Derecha;Las Arenas;48930;10,49;si;216;40;0,13;0,013925501;Piso;1;1;77;9;1;389910,662
Getxo;Margen Derecha;Las Arenas;48930;12,66;si;216;40;0,13;0,013925501;Piso;2;0;93;11;1;443994,2377
Getxo;Margen Derecha;Las Arenas;48930;10,91;si;216;40;0,13;0,013925501;Piso;4;0;123;14;0;553448,3616
Getxo;Margen Derecha;Las Arenas;48930;10,98;si;216;40;0,13;0,013925501;Piso;3;1;104;40;0;452842,0875
Getxo;Margen Derecha;Las Arenas;48930;10,12;si;216;40;0,13;0,013925501;Piso;2;0;116;22;0;486154,9524
Getxo;Margen Derecha;Las Arenas;48930;11,32;si;216;40;0,13;0,013925501;Piso;4;1;141;49;1;586739,94
Getxo;Margen Derecha;Las Arenas;48930;12,94;si;216;40;0,13;0,013925501;Piso;2;0;64;57;0;380599,8908
Getxo;Margen Derecha;Las Arenas;48930;10,99;si;216;40;0,13;0,013925501;Piso;3;0;102;23;0;457287,3273
Getxo;Margen Derecha;Las Arenas;48930;12,17;si;216;40;0,13;0,013925501;Piso;3;0;119;16;1;558763,5915
Getxo;Margen Derecha;Las Arenas;48930;11,55;si;216;40;0,13;0,013925501;Piso;2;0;92;40;0;418233,0964
Getxo;Margen Derecha;Las Arenas;48930;12,99;si;216;40;0,13;0,013925501;Piso;1;0;92;21;1;425861,9526
Getxo;Margen Derecha;Las Arenas;48930;10,77;si;216;40;0,13;0,013925501;Casa;3;1;285;56;0;942375,3971
Getxo;Margen Derecha;Las Arenas;48930;12,45;si;216;40;0,13;0,013925501;Casa;4;0;294;56;1;960597,1704
Getxo;Margen Derecha;Las Arenas;48930;11,08;si;216;40;0,13;0,013925501;Casa;5;1;203;38;0;724986,6813
Getxo;Margen Derecha;Las Arenas;48930;10,25;si;216;40;0,13;0,013925501;Casa;5;0;197;27;1;721212,6287
Getxo;Margen Derecha;Las Arenas;48930;10,67;si;216;40;0,13;0,013925501;Casa;3;1;297;21;0;1030566,082
Getxo;Margen Derecha;Las Arenas;48930;12;si;216;40;0,13;0,013925501;Casa;5;1;195;36;0;709279,4812
Getxo;Margen Derecha;Las Arenas;48930;11,99;si;216;40;0,13;0,013925501;Casa;3;1;225;39;0;851793,8414
Getxo;Margen Derecha;Las Arenas;48930;10,87;si;216;40;0,13;0,013925501;Casa;4;0;210;8;0;826356,6258
Getxo;Margen Derecha;Las Arenas;48930;11,77;si;216;40;0,13;0,013925501;Casa;4;1;262;18;0;1004965,432
Getxo;Margen Derecha;Las Arenas;48930;12,31;si;216;40;0,13;0,013925501;Casa;5;0;251;2;0;944362,7962
Getxo;Margen Derecha;Las Arenas;48930;11,74;si;216;40;0,13;0,013925501;Casa;4;1;187;18;1;727540,883
Getxo;Margen Derecha;Las Arenas;48930;12,15;si;216;40;0,13;0,013925501;Casa;4;0;290;4;0;948417,4635
Getxo;Margen Derecha;Las Arenas;48930;10,52;si;216;40;0,13;0,013925501;Casa;5;0;261;24;0;1009091,089
Getxo;Margen Derecha;Las Arenas;48930;11,25;si;216;40;0,13;0,013925501;Casa;5;1;286;25;0;955554,0445
Getxo;Margen Derecha;Las Arenas;48930;11,54;si;216;40;0,13;0,013925501;Casa;2;1;273;16;0;990862,1075
Getxo;Margen Derecha;Las Arenas;48930;10,08;si;216;40;0,13;0,013925501;Casa;2;0;299;16;0;977361,528
Getxo;Margen Derecha;Las Arenas;48930;12,9;si;216;40;0,13;0,013925501;Casa;3;0;276;28;1;903851,8587
Getxo;Margen Derecha;Las Arenas;48930;12,67;si;216;40;0,13;0,013925501;Casa;4;0;234;39;1;926651,6495
Getxo;Margen Derecha;Las Arenas;48930;10,86;si;216;40;0,13;0,013925501;Casa;5;1;247;56;1;865860,5336
Getxo;Margen Derecha;Las Arenas;48930;12,55;si;216;40;0,13;0,013925501;Casa;5;1;235;11;1;846330,7213
Getxo;Margen Derecha;Las Arenas;48930;10,67;si;216;40;0,13;0,013925501;Casa;2;1;202;18;0;747777,9445
Getxo;Margen Derecha;Las Arenas;48930;12,62;si;216;40;0,13;0,013925501;Casa;4;0;213;7;1;849924,9073
Getxo;Margen Derecha;Las Arenas;48930;10,96;si;216;40;0,13;0,013925501;Casa;4;0;192;33;0;681430,2006
Getxo;Margen Derecha;Las Arenas;48930;11,2;si;216;40;0,13;0,013925501;Casa;5;0;227;11;1;809634,2815
Getxo;Margen Derecha;Las Arenas;48930;10,43;si;216;40;0,13;0,013925501;Casa;2;0;243;14;0;881307,58
Getxo;Margen Derecha;Las Arenas;48930;10,9;si;216;40;0,13;0,013925501;Casa;5;0;197;35;0;707546,2219
Getxo;Margen Derecha;Las Arenas;48930;10,31;si;216;40;0,13;0,013925501;Casa;5;1;270;42;0;912230,6685
Getxo;Margen Derecha;Las Arenas;48930;12,26;si;216;40;0,13;0,013925501;Casa;4;1;213;41;0;787383,5818
Getxo;Margen Derecha;Las Arenas;48930;10,86;si;216;40;0,13;0,013925501;Casa;2;1;256;56;1;886485,5336
Getxo;Margen Derecha;Las Arenas;48930;12,7;si;216;40;0,13;0,013925501;Casa;5;0;197;5;1;721533,2152
Getxo;Margen Derecha;Las Arenas;48930;12,52;si;216;40;0,13;0,013925501;Casa;4;1;265;9;1;965362,967
Getxo;Margen Derecha;Las Arenas;48930;11,72;si;216;40;0,13;0,013925501;Casa;5;1;201;56;0;725496,6941
Getxo;Margen Derecha;Las Arenas;48930;11,52;si;216;40;0,13;0,013925501;Casa;2;1;299;3;0;1075559,122
Getxo;Margen Derecha;Las Arenas;48930;11,77;si;216;40;0,13;0,013925501;Casa;2;1;294;38;1;1054421,963
Getxo;Margen Derecha;Las Arenas;48930;12,96;si;216;40;0,13;0,013925501;Casa;4;1;264;6;1;911532,1954
Getxo;Margen Derecha;Las Arenas;48930;10,21;si;216;40;0,13;0,013925501;Casa;2;1;242;34;1;929422,6812
Getxo;Margen Derecha;Las Arenas;48930;12,45;si;216;40;0,13;0,013925501;Casa;3;0;296;53;0;1089881,069
Getxo;Margen Derecha;Las Arenas;48930;11,59;si;216;40;0,13;0,013925501;Casa;3;1;258;3;1;915463,3891
Getxo;Margen Derecha;Las Arenas;48930;10,82;si;216;40;0,13;0,013925501;Casa;3;0;219;41;0;826517,1997
Getxo;Margen Derecha;Las Arenas;48930;10,75;si;216;40;0,13;0,013925501;Casa;2;0;182;18;0;701374,4803
Getxo;Margen Derecha;Las Arenas;48930;12,49;si;216;40;0,13;0,013925501;Casa;3;0;183;55;0;711012,0593
Getxo;Margen Derecha;Las Arenas;48930;10,97;si;216;40;0,13;0,013925501;Casa;2;1;280;3;0;951073,0685
Getxo;Margen Derecha;Las Arenas;48930;12,81;si;216;40;0,13;0,013925501;Casa;3;0;295;51;0;1071000,368
Getxo;Margen Derecha;Las Arenas;48930;11,48;si;216;40;0,13;0,013925501;Casa;4;0;225;59;0;787734,0581
Getxo;Margen Derecha;Las Arenas;48930;11,26;si;216;40;0,13;0,013925501;Casa;4;1;182;39;0;694625,8284
Getxo;Margen Derecha;Las Arenas;48930;12,88;si;216;40;0,13;0,013925501;Casa;5;1;219;50;0;856030,2671
Getxo;Margen Derecha;Las Arenas;48930;11,61;si;216;40;0,13;0,013925501;Casa;4;1;250;41;0;898544,256
Getxo;Margen Derecha;Las Arenas;48930;12,75;si;216;40;0,13;0,013925501;Casa;3;0;247;29;1;923807,1915
Getxo;Margen Derecha;Las Arenas;48930;12,77;si;216;40;0,13;0,013925501;Casa;4;0;186;47;1;728735,3073
Getxo;Margen Derecha;Las Arenas;48930;11,31;si;216;40;0,13;0,013925501;Casa;3;0;210;14;1;796577,9942
Arrigorriaga;Alto Nervión;Arrigorriaga;48480;11,8;no;70;6;0,04;0,005;Piso;2;0;113;34;0;148501,3717
Arrigorriaga;Alto Nervión;Arrigorriaga;48480;12,85;no;70;6;0,04;0,005;Piso;2;1;95;52;0;131040,933
Arrigorriaga;Alto Nervión;Arrigorriaga;48480;11,95;no;70;6;0,04;0,005;Piso;2;0;80;4;0;119074,3336
Arrigorriaga;Alto Nervión;Arrigorriaga;48480;11,83;no;70;6;0,04;0,005;Piso;2;1;69;14;0;101603,2295
Arrigorriaga;Alto Nervión;Arrigorriaga;48480;13,22;no;70;6;0,04;0,005;Piso;2;0;71;56;0;111451,0796
Arrigorriaga;Alto Nervión;Arrigorriaga;48480;13,06;no;70;6;0,04;0,005;Piso;1;0;69;38;0;102022,7089
Arrigorriaga;Alto Nervión;Arrigorriaga;48480;13,56;no;70;6;0,04;0,005;Piso;3;0;118;43;0;159619,252
Arrigorriaga;Alto Nervión;Arrigorriaga;48480;13,56;no;70;6;0,04;0,005;Piso;1;1;91;3;0;132213,6327
Arrigorriaga;Alto Nervión;Arrigorriaga;48480;11,28;no;70;6;0,04;0,005;Piso;2;0;64;17;0;95356,67739
Arrigorriaga;Alto Nervión;Arrigorriaga;48480;12,51;no;70;6;0,04;0,005;Piso;2;0;65;49;0;96455,53401
Arrigorriaga;Alto Nervión;Arrigorriaga;48480;12,7;no;70;6;0,04;0,005;Piso;3;0;107;60;0;142351,0285
Arrigorriaga;Alto Nervión;Arrigorriaga;48480;13,51;no;70;6;0,04;0,005;Piso;4;1;102;10;0;137955,4614
Arrigorriaga;Alto Nervión;Arrigorriaga;48480;12,4;no;70;6;0,04;0,005;Piso;1;1;73;59;1;111440,7833
Arrigorriaga;Alto Nervión;Arrigorriaga;48480;11,01;no;70;6;0,04;0,005;Piso;2;0;64;50;1;103807,6929
Arrigorriaga;Alto Nervión;Arrigorriaga;48480;11,8;no;70;6;0,04;0,005;Piso;2;1;82;47;1;119012,7098
Arrigorriaga;Alto Nervión;Arrigorriaga;48480;11,41;no;70;6;0,04;0,005;Piso;1;1;77;32;0;113569,3823
Arrigorriaga;Alto Nervión;Arrigorriaga;48480;12,17;no;70;6;0,04;0,005;Piso;4;0;116;45;1;158756,7847
Arrigorriaga;Alto Nervión;Arrigorriaga;48480;11,84;no;70;6;0,04;0,005;Piso;2;1;111;41;0;158663,6605
Arrigorriaga;Alto Nervión;Arrigorriaga;48480;12,29;no;70;6;0,04;0,005;Piso;1;1;89;43;1;134407,7871
Arrigorriaga;Alto Nervión;Arrigorriaga;48480;13,89;no;70;6;0,04;0,005;Piso;4;1;118;6;0;168436,5913
Arrigorriaga;Alto Nervión;Arrigorriaga;48480;12,13;no;70;6;0,04;0,005;Piso;3;0;115;43;1;152122,5759
Arrigorriaga;Alto Nervión;Arrigorriaga;48480;11,57;no;70;6;0,04;0,005;Piso;2;1;96;21;0;132201,518
Arrigorriaga;Alto Nervión;Arrigorriaga;48480;13,79;no;70;6;0,04;0,005;Piso;2;0;97;30;0;143288,33
Arrigorriaga;Alto Nervión;Arrigorriaga;48480;12,26;no;70;6;0,04;0,005;Piso;1;0;67;25;0;98173,65898
Arrigorriaga;Alto Nervión;Arrigorriaga;48480;11,98;no;70;6;0,04;0,005;Piso;3;0;119;24;0;155765,2738
Arrigorriaga;Alto Nervión;Arrigorriaga;48480;12,03;no;70;6;0,04;0,005;Piso;2;0;77;35;0;117060,0402
Arrigorriaga;Alto Nervión;Arrigorriaga;48480;12,49;no;70;6;0,04;0,005;Piso;2;0;82;32;1;120294,6656
Arrigorriaga;Alto Nervión;Arrigorriaga;48480;13,29;no;70;6;0,04;0,005;Piso;2;1;71;31;1;108009,1405
Arrigorriaga;Alto Nervión;Arrigorriaga;48480;12,58;no;70;6;0,04;0,005;Piso;2;1;65;7;1;102642,6246
Arrigorriaga;Alto Nervión;Arrigorriaga;48480;12,25;no;70;6;0,04;0,005;Piso;1;0;91;37;1;128232,7816
Arrigorriaga;Alto Nervión;Arrigorriaga;48480;11,88;no;70;6;0,04;0,005;Piso;1;0;94;57;0;126729,2791
Arrigorriaga;Alto Nervión;Arrigorriaga;48480;13,95;no;70;6;0,04;0,005;Piso;1;1;67;27;1;104328,0203
Arrigorriaga;Alto Nervión;Arrigorriaga;48480;12,02;no;70;6;0,04;0,005;Piso;3;1;111;29;1;150616,9283
Arrigorriaga;Alto Nervión;Arrigorriaga;48480;11,35;no;70;6;0,04;0,005;Piso;1;0;77;42;1;117358,7346
Arrigorriaga;Alto Nervión;Arrigorriaga;48480;13,78;no;70;6;0,04;0,005;Piso;1;1;63;23;0;92709,74804
Arrigorriaga;Alto Nervión;Arrigorriaga;48480;13,24;no;70;6;0,04;0,005;Piso;1;0;83;15;1;126489,8518
Arrigorriaga;Alto Nervión;Arrigorriaga;48480;12,95;no;70;6;0,04;0,005;Piso;1;1;77;16;1;112710,1594
Arrigorriaga;Alto Nervión;Arrigorriaga;48480;11,81;no;70;6;0,04;0,005;Piso;2;0;95;36;0;132554,3061
Arrigorriaga;Alto Nervión;Arrigorriaga;48480;12,66;no;70;6;0,04;0,005;Piso;3;0;109;32;0;156256,2158
Arrigorriaga;Alto Nervión;Arrigorriaga;48480;13,59;no;70;6;0,04;0,005;Piso;2;0;89;24;0;131541,0079
Arrigorriaga;Alto Nervión;Arrigorriaga;48480;13,3;no;70;6;0,04;0,005;Piso;1;1;65;21;0;102602,8756
Arrigorriaga;Alto Nervión;Arrigorriaga;48480;12,84;no;70;6;0,04;0,005;Piso;3;1;102;38;1;140402,476
Arrigorriaga;Alto Nervión;Arrigorriaga;48480;11,28;no;70;6;0,04;0,005;Piso;1;1;77;54;0;110064,398
Arrigorriaga;Alto Nervión;Arrigorriaga;48480;11,09;no;70;6;0,04;0,005;Piso;1;0;95;60;1;132834,2893
Arrigorriaga;Alto Nervión;Arrigorriaga;48480;13,16;no;70;6;0,04;0,005;Piso;1;0;86;3;0;121871,8045
Arrigorriaga;Alto Nervión;Arrigorriaga;48480;13,51;no;70;6;0,04;0,005;Piso;1;0;61;31;0;95711,45565
Arrigorriaga;Alto Nervión;Arrigorriaga;48480;12,97;no;70;6;0,04;0,005;Piso;3;0;116;46;0;154856,8623
Arrigorriaga;Alto Nervión;Arrigorriaga;48480;12,61;no;70;6;0,04;0,005;Piso;1;1;62;55;0;98959,49005
Arrigorriaga;Alto Nervión;Arrigorriaga;48480;13,88;no;70;6;0,04;0,005;Piso;2;0;61;23;0;97774,18299
Arrigorriaga;Alto Nervión;Arrigorriaga;48480;12,66;no;70;6;0,04;0,005;Piso;4;0;104;18;0;148599,6897
Arrigorriaga;Alto Nervión;Arrigorriaga;48480;11,08;no;70;6;0,04;0,005;Piso;2;1;106;33;0;145806,0946
Arrigorriaga;Alto Nervión;Arrigorriaga;48480;11,76;no;70;6;0,04;0,005;Piso;4;1;116;10;0;163491,0851
Arrigorriaga;Alto Nervión;Arrigorriaga;48480;11,82;no;70;6;0,04;0,005;Piso;2;1;96;11;1;135200,8309
Arrigorriaga;Alto Nervión;Arrigorriaga;48480;13,99;no;70;6;0,04;0,005;Casa;5;1;114;13;1;165038,763
Arrigorriaga;Alto Nervión;Arrigorriaga;48481;13,25;no;70;6;0,04;0,005;Casa;3;0;148;46;1;191994,9004
Arrigorriaga;Alto Nervión;Arrigorriaga;48482;13,85;no;70;6;0,04;0,005;Casa;3;0;211;39;1;267620,8681
Arrigorriaga;Alto Nervión;Arrigorriaga;48483;11,52;no;70;6;0,04;0,005;Casa;3;0;144;52;1;196386,6459
Arrigorriaga;Alto Nervión;Arrigorriaga;48484;13,17;no;70;6;0,04;0,005;Casa;4;0;177;36;1;221874,5445
Arrigorriaga;Alto Nervión;Arrigorriaga;48485;13,67;no;70;6;0,04;0,005;Casa;4;1;190;39;0;247525,2222
Arrigorriaga;Alto Nervión;Arrigorriaga;48486;11,8;no;70;6;0,04;0,005;Casa;3;1;178;38;1;240974,9885
Arrigorriaga;Alto Nervión;Arrigorriaga;48487;13,84;no;70;6;0,04;0,005;Casa;3;0;97;10;0;143961,4498
Arrigorriaga;Alto Nervión;Arrigorriaga;48488;11,42;no;70;6;0,04;0,005;Casa;4;1;166;4;1;230701,8351
Arrigorriaga;Alto Nervión;Arrigorriaga;48489;11,35;no;70;6;0,04;0,005;Casa;5;0;133;17;0;189216,5004
Arrigorriaga;Alto Nervión;Arrigorriaga;48490;11,58;no;70;6;0,04;0,005;Casa;3;0;199;36;1;265699,7963
Arrigorriaga;Alto Nervión;Arrigorriaga;48491;11,04;no;70;6;0,04;0,005;Casa;6;0;90;59;1;134015,7339
Arrigorriaga;Alto Nervión;Arrigorriaga;48492;11,69;no;70;6;0,04;0,005;Casa;6;1;106;57;1;146634,1875
Arrigorriaga;Alto Nervión;Arrigorriaga;48493;13,69;no;70;6;0,04;0,005;Casa;5;1;144;20;0;194311,566
Arrigorriaga;Alto Nervión;Arrigorriaga;48494;12,53;no;70;6;0,04;0,005;Casa;5;0;91;6;1;138822,9614
Arrigorriaga;Alto Nervión;Arrigorriaga;48495;13,93;no;70;6;0,04;0,005;Casa;6;0;107;38;0;155646,5816
Arrigorriaga;Alto Nervión;Arrigorriaga;48496;11,43;no;70;6;0,04;0,005;Casa;5;0;197;10;0;263654,963
Arrigorriaga;Alto Nervión;Arrigorriaga;48497;12,88;no;70;6;0,04;0,005;Casa;6;1;117;53;1;156581,5639
Arrigorriaga;Alto Nervión;Arrigorriaga;48498;11,8;no;70;6;0,04;0,005;Casa;3;1;121;39;0;171327,8782
Arrigorriaga;Alto Nervión;Arrigorriaga;48499;11,59;no;70;6;0,04;0,005;Casa;4;0;113;20;0;156875,4373
Arrigorriaga;Alto Nervión;Arrigorriaga;48500;11,94;no;70;6;0,04;0,005;Casa;5;0;116;29;1;156854,0863
Arrigorriaga;Alto Nervión;Arrigorriaga;48501;12,72;no;70;6;0,04;0,005;Casa;5;1;123;6;0;167232,5615
Arrigorriaga;Alto Nervión;Arrigorriaga;48502;11,91;no;70;6;0,04;0,005;Casa;3;1;199;37;0;245591,1573
Arrigorriaga;Alto Nervión;Arrigorriaga;48503;13,97;no;70;6;0,04;0,005;Casa;4;0;206;6;0;257605,5585
Arrigorriaga;Alto Nervión;Arrigorriaga;48504;12,88;no;70;6;0,04;0,005;Casa;3;1;192;23;1;257872,3695
Arrigorriaga;Alto Nervión;Arrigorriaga;48505;13,01;no;70;6;0,04;0,005;Casa;6;1;214;50;0;268255,3159
Arrigorriaga;Alto Nervión;Arrigorriaga;48506;12,73;no;70;6;0,04;0,005;Casa;4;0;214;6;0;275145,5522
Arrigorriaga;Alto Nervión;Arrigorriaga;48507;12,85;no;70;6;0,04;0,005;Casa;4;0;122;4;1;173639,223
Arrigorriaga;Alto Nervión;Arrigorriaga;48508;13,11;no;70;6;0,04;0,005;Casa;4;0;184;51;0;243606,8551
Arrigorriaga;Alto Nervión;Arrigorriaga;48509;11,79;no;70;6;0,04;0,005;Casa;5;0;144;22;0;187765,2199
Arrigorriaga;Alto Nervión;Arrigorriaga;48510;13,05;no;70;6;0,04;0,005;Casa;5;0;218;15;1;268221,2893
Arrigorriaga;Alto Nervión;Arrigorriaga;48511;12,29;no;70;6;0,04;0,005;Casa;4;0;200;39;1;247542,2729
Arrigorriaga;Alto Nervión;Arrigorriaga;48512;13,43;no;70;6;0,04;0,005;Casa;5;1;95;34;0;134856,7763
Arrigorriaga;Alto Nervión;Arrigorriaga;48513;11,12;no;70;6;0,04;0,005;Casa;3;1;103;28;1;141547,8846
Arrigorriaga;Alto Nervión;Arrigorriaga;48514;12,93;no;70;6;0,04;0,005;Casa;5;0;158;45;1;220697,6059
Arrigorriaga;Alto Nervión;Arrigorriaga;48515;12,58;no;70;6;0,04;0,005;Casa;6;1;123;53;0;162441,0805
Arrigorriaga;Alto Nervión;Arrigorriaga;48516;12,67;no;70;6;0,04;0,005;Casa;5;0;150;41;0;197637,724
Arrigorriaga;Alto Nervión;Arrigorriaga;48517;13,21;no;70;6;0,04;0,005;Casa;6;1;193;52;0;244440,3318
Arrigorriaga;Alto Nervión;Arrigorriaga;48518;11,48;no;70;6;0,04;0,005;Casa;3;0;200;25;0;262042,2411
Arrigorriaga;Alto Nervión;Arrigorriaga;48519;13,88;no;70;6;0,04;0,005;Casa;3;0;153;52;1;213349,24
Arrigorriaga;Alto Nervión;Arrigorriaga;48520;11,44;no;70;6;0,04;0,005;Casa;3;1;142;39;0;196654,6822
Arrigorriaga;Alto Nervión;Arrigorriaga;48521;12,2;no;70;6;0,04;0,005;Casa;6;1;202;53;1;251442,7713
Arrigorriaga;Alto Nervión;Arrigorriaga;48522;12,58;no;70;6;0,04;0,005;Casa;5;0;201;38;0;264403,7863
Arrigorriaga;Alto Nervión;Arrigorriaga;48523;12,86;no;70;6;0,04;0,005;Casa;6;0;160;56;0;206450,7476
Arrigorriaga;Alto Nervión;Arrigorriaga;48524;13,8;no;70;6;0,04;0,005;Casa;3;1;181;24;1;244603,1703
Arrigorriaga;Alto Nervión;Arrigorriaga;48525;12,54;no;70;6;0,04;0,005;Casa;5;1;98;20;0;144816,4031
Arrigorriaga;Alto Nervión;Arrigorriaga;48526;12,16;no;70;6;0,04;0,005;Casa;4;1;215;42;1;277653,7721
Arrigorriaga;Alto Nervión;Buia;48003;6,87;no;29;5;0,05;0,005;Piso;2;1;69;39;1;89093,76289
Arrigorriaga;Alto Nervión;Buia;48003;8,42;no;29;5;0,05;0,005;Piso;1;0;73;37;0;91598,44701
Arrigorriaga;Alto Nervión;Buia;48003;8,45;no;29;5;0,05;0,005;Piso;1;1;78;6;0;101009,7628
Arrigorriaga;Alto Nervión;Buia;48003;8,12;no;29;5;0,05;0,005;Piso;2;1;104;10;0;131481,548
Arrigorriaga;Alto Nervión;Buia;48003;8,44;no;29;5;0,05;0,005;Piso;2;1;95;15;0;119191,475
Arrigorriaga;Alto Nervión;Buia;48003;7,24;no;29;5;0,05;0,005;Piso;2;1;98;22;0;120635,2714
Arrigorriaga;Alto Nervión;Buia;48003;8,33;no;29;5;0,05;0,005;Piso;2;0;67;54;1;87682,46861
Arrigorriaga;Alto Nervión;Buia;48003;6,76;no;29;5;0,05;0,005;Piso;2;1;114;14;1;141600,3729
Arrigorriaga;Alto Nervión;Buia;48003;7,94;no;29;5;0,05;0,005;Piso;4;1;101;31;1;123890,8313
Arrigorriaga;Alto Nervión;Buia;48003;6,54;no;29;5;0,05;0,005;Piso;1;0;70;21;1;90551,53362
Arrigorriaga;Alto Nervión;Buia;48003;7,62;no;29;5;0,05;0,005;Piso;4;0;109;59;1;136446,305
Arrigorriaga;Alto Nervión;Buia;48003;8,02;no;29;5;0,05;0,005;Piso;4;0;114;57;0;139022,1622
Arrigorriaga;Alto Nervión;Buia;48003;6,84;no;29;5;0,05;0,005;Piso;1;0;53;41;1;67858,92978
Arrigorriaga;Alto Nervión;Buia;48003;7,48;no;29;5;0,05;0,005;Piso;2;0;52;50;0;70935,46267
Arrigorriaga;Alto Nervión;Buia;48003;6,7;no;29;5;0,05;0,005;Piso;1;1;70;32;0;88820,48804
Arrigorriaga;Alto Nervión;Buia;48003;7,32;no;29;5;0,05;0,005;Piso;1;1;83;14;1;100834,4424
Arrigorriaga;Alto Nervión;Buia;48003;7,12;no;29;5;0,05;0,005;Piso;2;0;51;16;1;69581,65867
Arrigorriaga;Alto Nervión;Buia;48003;8,05;no;29;5;0,05;0,005;Piso;2;0;95;25;0;112955,6404
Arrigorriaga;Alto Nervión;Buia;48003;7,43;no;29;5;0,05;0,005;Piso;1;1;66;15;1;87968,04178
Arrigorriaga;Alto Nervión;Buia;48003;7,99;no;29;5;0,05;0,005;Piso;1;0;51;52;0;68123,02262
Arrigorriaga;Alto Nervión;Buia;48003;8,22;no;29;5;0,05;0,005;Piso;1;0;52;33;1;71228,89831
Arrigorriaga;Alto Nervión;Buia;48003;7,42;no;29;5;0,05;0,005;Piso;2;0;98;25;0;118135,1296
Arrigorriaga;Alto Nervión;Buia;48003;7,8;no;29;5;0,05;0,005;Piso;1;0;76;29;1;95792,3213
Arrigorriaga;Alto Nervión;Buia;48003;8,48;no;29;5;0,05;0,005;Piso;1;1;82;20;0;102219,4409
Arrigorriaga;Alto Nervión;Buia;48003;7,47;no;29;5;0,05;0,005;Piso;4;0;103;3;0;124964,442
Arrigorriaga;Alto Nervión;Buia;48003;8,07;no;29;5;0,05;0,005;Piso;4;1;109;52;1;132663,5464
Arrigorriaga;Alto Nervión;Buia;48003;8,43;no;29;5;0,05;0,005;Piso;4;0;117;7;1;140998,9001
Arrigorriaga;Alto Nervión;Buia;48003;8,08;no;29;5;0,05;0,005;Piso;1;1;73;18;0;92181,7197
Arrigorriaga;Alto Nervión;Buia;48003;7,33;no;29;5;0,05;0,005;Piso;3;0;104;8;1;130302,6742
Arrigorriaga;Alto Nervión;Buia;48003;7,04;no;29;5;0,05;0,005;Piso;2;0;61;49;0;81306,22174
Arrigorriaga;Alto Nervión;Buia;48003;7,1;no;29;5;0,05;0,005;Piso;2;0;86;27;1;107515,9858
Arrigorriaga;Alto Nervión;Buia;48003;7,02;no;29;5;0,05;0,005;Piso;2;0;93;41;0;114480,8482
Arrigorriaga;Alto Nervión;Buia;48003;6,94;no;29;5;0,05;0,005;Piso;2;0;107;8;0;130189,5167
Arrigorriaga;Alto Nervión;Buia;48003;7,51;no;29;5;0,05;0,005;Piso;4;1;103;40;0;131419,6289
Arrigorriaga;Alto Nervión;Buia;48003;6,63;no;29;5;0,05;0,005;Piso;2;0;99;50;0;117266,624
Arrigorriaga;Alto Nervión;Buia;48003;7,17;no;29;5;0,05;0,005;Piso;1;0;81;5;0;99053,17952
Arrigorriaga;Alto Nervión;Buia;48003;6,75;no;29;5;0,05;0,005;Piso;2;1;86;36;1;109811,31
Arrigorriaga;Alto Nervión;Buia;48003;8,04;no;29;5;0,05;0,005;Piso;3;1;101;52;0;128532,1163
Arrigorriaga;Alto Nervión;Buia;48003;6,55;no;29;5;0,05;0,005;Piso;2;0;71;33;0;91387,24017
Arrigorriaga;Alto Nervión;Buia;48003;7,12;no;29;5;0,05;0,005;Piso;3;1;119;23;0;139962,8387
Arrigorriaga;Alto Nervión;Buia;48003;8,32;no;29;5;0,05;0,005;Piso;1;1;57;8;1;75219,84865
Arrigorriaga;Alto Nervión;Buia;48003;7,74;no;29;5;0,05;0,005;Piso;1;1;96;48;0;121622,8893
Arrigorriaga;Alto Nervión;Buia;48003;7,75;no;29;5;0,05;0,005;Piso;3;0;111;49;0;139478,4739
Arrigorriaga;Alto Nervión;Buia;48003;6,93;no;29;5;0,05;0,005;Piso;2;0;78;28;0;100904,0956
Arrigorriaga;Alto Nervión;Buia;48003;7,4;no;29;5;0,05;0,005;Piso;4;0;105;10;0;124887,1865
Arrigorriaga;Alto Nervión;Buia;48003;7,54;no;29;5;0,05;0,005;Piso;1;0;89;11;0;105979,1454
Arrigorriaga;Alto Nervión;Buia;48003;8,06;no;29;5;0,05;0,005;Piso;4;0;114;44;0;134541,6079
Arrigorriaga;Alto Nervión;Buia;48003;6,56;no;29;5;0,05;0,005;Piso;3;0;105;10;0;124351,8585
Arrigorriaga;Alto Nervión;Buia;48003;6,65;no;29;5;0,05;0,005;Piso;1;1;99;12;1;122065,3949
Arrigorriaga;Alto Nervión;Buia;48003;7,83;no;29;5;0,05;0,005;Piso;2;0;84;30;0;102755,7025
Arrigorriaga;Alto Nervión;Buia;48003;7,39;no;29;5;0,05;0,005;Casa;3;1;233;25;0;280617,2116
Arrigorriaga;Alto Nervión;Buia;48004;7,88;no;29;5;0,05;0,005;Casa;6;0;179;45;1;220407,4282
Arrigorriaga;Alto Nervión;Buia;48005;7,3;no;29;5;0,05;0,005;Casa;5;1;188;52;0;222727,0053
Arrigorriaga;Alto Nervión;Buia;48006;8,11;no;29;5;0,05;0,005;Casa;6;1;190;18;1;233683,1917
Arrigorriaga;Alto Nervión;Buia;48007;7,98;no;29;5;0,05;0,005;Casa;4;1;173;42;0;212056,3417
Arrigorriaga;Alto Nervión;Buia;48008;7,33;no;29;5;0,05;0,005;Casa;6;0;203;12;0;239520,5028
Arrigorriaga;Alto Nervión;Buia;48009;7,88;no;29;5;0,05;0,005;Casa;4;0;169;24;1;201259,9711
Arrigorriaga;Alto Nervión;Buia;48010;7,06;no;29;5;0,05;0,005;Casa;6;1;248;9;0;285640,576
Arrigorriaga;Alto Nervión;Buia;48011;7,68;no;29;5;0,05;0,005;Casa;4;0;130;4;0;154540,8122
Arrigorriaga;Alto Nervión;Buia;48012;7,89;no;29;5;0,05;0,005;Casa;3;1;237;18;0;271865,7359
Arrigorriaga;Alto Nervión;Buia;48013;8,12;no;29;5;0,05;0,005;Casa;3;1;164;12;1;189400,4512
Arrigorriaga;Alto Nervión;Buia;48014;7,02;no;29;5;0,05;0,005;Casa;6;1;220;29;1;268230,4987
Arrigorriaga;Alto Nervión;Buia;48015;7,69;no;29;5;0,05;0,005;Casa;3;0;247;3;0;287157,9709
Arrigorriaga;Alto Nervión;Buia;48016;7,54;no;29;5;0,05;0,005;Casa;6;0;121;41;1;143995,2651
Arrigorriaga;Alto Nervión;Buia;48017;7,08;no;29;5;0,05;0,005;Casa;4;1;102;24;1;122951,5856
Arrigorriaga;Alto Nervión;Buia;48018;8,48;no;29;5;0,05;0,005;Casa;6;1;247;14;1;290004,3767
Arrigorriaga;Alto Nervión;Buia;48019;8,03;no;29;5;0,05;0,005;Casa;6;1;186;6;0;214038,3239
Arrigorriaga;Alto Nervión;Buia;48020;8;no;29;5;0,05;0,005;Casa;6;1;178;51;1;219828,6212
Arrigorriaga;Alto Nervión;Buia;48021;8,35;no;29;5;0,05;0,005;Casa;4;0;229;27;0;276002,171
Arrigorriaga;Alto Nervión;Buia;48022;6,69;no;29;5;0,05;0,005;Casa;3;0;214;49;0;246040,0325
Barakaldo;Margen Izquierda;centro;48901;8,87;si;283;12;0,09;0,05;Piso;4;0;131;6;0;336952,345
Barakaldo;Margen Izquierda;centro;48902;9,75;si;283;12;0,09;0,05;Piso;3;1;125;21;0;327034,8464
Barakaldo;Margen Izquierda;centro;48903;10,1;si;283;12;0,09;0,05;Piso;2;1;61;26;1;223237,2186
Barakaldo;Margen Izquierda;centro;48904;9,93;si;283;12;0,09;0,05;Piso;2;1;59;41;1;216992,2311
Barakaldo;Margen Izquierda;centro;48905;9,75;si;283;12;0,09;0,05;Piso;2;0;136;34;0;334014,4366
Barakaldo;Margen Izquierda;centro;48906;8,36;si;283;12;0,09;0,05;Piso;3;1;106;53;1;281225,6451
Barakaldo;Margen Izquierda;centro;48907;8,2;si;283;12;0,09;0,05;Piso;3;1;117;35;0;309752,2977
Barakaldo;Margen Izquierda;centro;48908;9,25;si;283;12;0,09;0,05;Piso;2;1;59;7;0;212975,4051
Barakaldo;Margen Izquierda;centro;48909;10,56;si;283;12;0,09;0,05;Piso;1;0;54;32;1;198840,3521
Barakaldo;Margen Izquierda;centro;48910;10,07;si;283;12;0,09;0,05;Piso;4;0;101;39;1;289155,6848
Barakaldo;Margen Izquierda;centro;48911;9,75;si;283;12;0,09;0,05;Piso;2;0;79;7;1;251856,1322
Barakaldo;Margen Izquierda;centro;48912;9,48;si;283;12;0,09;0,05;Piso;3;0;103;12;0;278674,657
Barakaldo;Margen Izquierda;centro;48913;9,24;si;283;12;0,09;0,05;Piso;2;1;78;42;0;236181,9667
Barakaldo;Margen Izquierda;centro;48914;9,77;si;283;12;0,09;0,05;Piso;1;1;57;38;0;205973,6382
Barakaldo;Margen Izquierda;centro;48915;10,71;si;283;12;0,09;0,05;Piso;2;1;51;52;0;194590,9593
Barakaldo;Margen Izquierda;centro;48916;10,58;si;283;12;0,09;0,05;Piso;3;0;122;31;0;316972,7238
Barakaldo;Margen Izquierda;centro;48917;9,45;si;283;12;0,09;0,05;Piso;3;0;105;6;0;281896,4128
Barakaldo;Margen Izquierda;centro;48918;10,81;si;283;12;0,09;0,05;Piso;2;0;79;42;0;240330,8568
Barakaldo;Margen Izquierda;centro;48919;10,16;si;283;12;0,09;0,05;Piso;2;0;95;41;1;262743,8644
Barakaldo;Margen Izquierda;centro;48920;9,55;si;283;12;0,09;0,05;Piso;2;1;84;42;0;252432,6317
Barakaldo;Margen Izquierda;centro;48921;10,88;si;283;12;0,09;0,05;Piso;2;1;55;22;0;203648,9815
Barakaldo;Margen Izquierda;centro;48922;9,24;si;283;12;0,09;0,05;Piso;2;0;78;19;0;235445,2561
Barakaldo;Margen Izquierda;centro;48923;10,35;si;283;12;0,09;0,05;Piso;2;1;106;40;1;288466,8409
Barakaldo;Margen Izquierda;centro;48924;9,15;si;283;12;0,09;0,05;Piso;2;1;90;59;1;266772,715
Barakaldo;Margen Izquierda;centro;48925;10,73;si;283;12;0,09;0,05;Piso;1;1;79;29;1;241515,1298
Barakaldo;Margen Izquierda;centro;48926;8,36;si;283;12;0,09;0,05;Piso;4;1;120;13;0;306788,6659
Barakaldo;Margen Izquierda;centro;48927;10,45;si;283;12;0,09;0,05;Piso;1;0;93;30;1;269998,9911
Barakaldo;Margen Izquierda;centro;48928;10,62;si;283;12;0,09;0,05;Piso;1;0;81;58;1;247272,6509
Barakaldo;Margen Izquierda;centro;48929;11;si;283;12;0,09;0,05;Piso;3;0;121;54;1;303544,1889
Barakaldo;Margen Izquierda;centro;48930;9,93;si;283;12;0,09;0,05;Piso;3;0;146;42;1;346940,5581
Barakaldo;Margen Izquierda;centro;48931;10,92;si;283;12;0,09;0,05;Piso;4;0;137;37;0;332492,2622
Barakaldo;Margen Izquierda;centro;48932;9,22;si;283;12;0,09;0,05;Piso;1;0;99;40;1;268138,432
Barakaldo;Margen Izquierda;centro;48933;8,18;si;283;12;0,09;0,05;Piso;3;1;133;5;0;321860,866
Barakaldo;Margen Izquierda;centro;48934;10,16;si;283;12;0,09;0,05;Piso;2;1;103;41;0;278602,8482
Barakaldo;Margen Izquierda;centro;48935;8,33;si;283;12;0,09;0,05;Piso;1;1;52;32;0;200967,544
Barakaldo;Margen Izquierda;centro;48936;8,68;si;283;12;0,09;0,05;Piso;4;1;147;29;0;343996,9824
Barakaldo;Margen Izquierda;centro;48937;8,82;si;283;12;0,09;0,05;Piso;4;1;143;4;0;347744,778
Barakaldo;Margen Izquierda;centro;48938;9,87;si;283;12;0,09;0,05;Piso;3;1;127;25;1;318062,7643
Barakaldo;Margen Izquierda;centro;48939;8,29;si;283;12;0,09;0,05;Piso;4;1;147;57;0;348893,4976
Barakaldo;Margen Izquierda;centro;48940;8,44;si;283;12;0,09;0,05;Piso;2;0;87;33;0;249283,4161
Barakaldo;Margen Izquierda;centro;48941;10,91;si;283;12;0,09;0,05;Piso;1;0;67;25;1;228249,4011
Barakaldo;Margen Izquierda;centro;48942;8,19;si;283;12;0,09;0,05;Piso;4;1;141;38;0;339532,349
Barakaldo;Margen Izquierda;centro;48943;8,49;si;283;12;0,09;0,05;Piso;4;1;150;46;0;363543,3957
Barakaldo;Margen Izquierda;centro;48944;8,39;si;283;12;0,09;0,05;Piso;2;1;54;11;0;202150,8835
Barakaldo;Margen Izquierda;centro;48945;9,04;si;283;12;0,09;0,05;Piso;1;0;55;28;0;202082,8762
Barakaldo;Margen Izquierda;centro;48946;10,07;si;283;12;0,09;0,05;Piso;3;1;122;17;0;317809,6438
Barakaldo;Margen Izquierda;centro;48947;8,89;si;283;12;0,09;0,05;Piso;2;1;88;41;1;259960,4
Barakaldo;Margen Izquierda;centro;48948;9,67;si;283;12;0,09;0,05;Piso;2;1;120;51;1;314953,5578
Barakaldo;Margen Izquierda;centro;48949;9,95;si;283;12;0,09;0,05;Piso;2;0;52;31;0;206543,2516
Barakaldo;Margen Izquierda;centro;48950;8,49;si;283;12;0,09;0,05;Piso;2;1;79;27;0;244533,5231
Barakaldo;Margen Izquierda;centro;48951;10;si;283;12;0,09;0,05;Piso;2;0;140;41;0;340343,4556
Barakaldo;Margen Izquierda;bagatza;48902;8,14;si;299;10;0,13;0,08;Piso;3;1;117;26;0;263588,3378
Barakaldo;Margen Izquierda;bagatza;48902;8,35;si;299;10;0,13;0,08;Piso;1;1;85;57;1;209452,9731
Barakaldo;Margen Izquierda;bagatza;48902;8,86;si;299;10;0,13;0,08;Piso;2;1;52;27;1;179585,5965
Barakaldo;Margen Izquierda;bagatza;48902;7,61;si;299;10;0,13;0,08;Piso;4;1;150;25;0;308549,7567
Barakaldo;Margen Izquierda;bagatza;48902;7,62;si;299;10;0,13;0,08;Piso;4;0;145;48;1;317016,0342
Barakaldo;Margen Izquierda;bagatza;48902;7,51;si;299;10;0,13;0,08;Piso;1;1;98;38;0;252263,4769
Barakaldo;Margen Izquierda;bagatza;48902;7,24;si;299;10;0,13;0,08;Piso;1;1;90;34;1;241901,0726
Barakaldo;Margen Izquierda;bagatza;48902;7,75;si;299;10;0,13;0,08;Piso;1;0;100;7;1;275266,3774
Barakaldo;Margen Izquierda;bagatza;48902;7,5;si;299;10;0,13;0,08;Piso;3;0;106;58;0;284747,9471
Barakaldo;Margen Izquierda;bagatza;48902;8,61;si;299;10;0,13;0,08;Piso;4;0;149;26;0;296479,921
Barakaldo;Margen Izquierda;bagatza;48902;8,78;si;299;10;0,13;0,08;Piso;2;0;87;59;1;237589,0455
Barakaldo;Margen Izquierda;bagatza;48902;7,35;si;299;10;0,13;0,08;Piso;3;1;117;43;0;276540,2893
Barakaldo;Margen Izquierda;bagatza;48902;8,01;si;299;10;0,13;0,08;Piso;4;1;130;24;1;273446,3644
Barakaldo;Margen Izquierda;bagatza;48902;7,06;si;299;10;0,13;0,08;Piso;2;0;83;16;1;214087,2172
Barakaldo;Margen Izquierda;bagatza;48902;8,27;si;299;10;0,13;0,08;Piso;3;1;125;35;1;261779,896
Barakaldo;Margen Izquierda;bagatza;48902;8,82;si;299;10;0,13;0,08;Piso;2;0;147;32;1;313453,3001
Barakaldo;Margen Izquierda;bagatza;48902;8,41;si;299;10;0,13;0,08;Piso;2;1;67;6;0;205581,6949
Barakaldo;Margen Izquierda;bagatza;48902;8,59;si;299;10;0,13;0,08;Piso;2;0;65;40;0;217685,5318
Barakaldo;Margen Izquierda;bagatza;48902;8,37;si;299;10;0,13;0,08;Piso;2;1;55;54;0;182637,9052
Barakaldo;Margen Izquierda;bagatza;48902;8,22;si;299;10;0,13;0,08;Piso;2;1;127;46;0;289909,6189
Barakaldo;Margen Izquierda;bagatza;48902;7,95;si;299;10;0,13;0,08;Piso;2;1;84;5;0;233142,1186
Barakaldo;Margen Izquierda;bagatza;48902;7,26;si;299;10;0,13;0,08;Piso;1;0;99;26;0;268561,9512
Barakaldo;Margen Izquierda;bagatza;48902;7,09;si;299;10;0,13;0,08;Piso;2;1;63;48;1;185167,3399
Barakaldo;Margen Izquierda;bagatza;48902;7,04;si;299;10;0,13;0,08;Piso;3;0;124;30;0;312489,8875
Barakaldo;Margen Izquierda;bagatza;48902;8,5;si;299;10;0,13;0,08;Piso;2;1;87;32;1;216321,8883
Barakaldo;Margen Izquierda;bagatza;48902;7,1;si;299;10;0,13;0,08;Piso;2;1;80;2;0;213733,9135
Barakaldo;Margen Izquierda;bagatza;48902;8,34;si;299;10;0,13;0,08;Piso;2;1;112;52;0;243587,6332
Barakaldo;Margen Izquierda;bagatza;48902;7,69;si;299;10;0,13;0,08;Piso;1;0;92;60;1;229012,3131
Barakaldo;Margen Izquierda;bagatza;48902;8,38;si;299;10;0,13;0,08;Piso;2;1;55;52;0;173801,2343
Barakaldo;Margen Izquierda;bagatza;48902;8,72;si;299;10;0,13;0,08;Piso;2;1;59;14;1;183067,1583
Barakaldo;Margen Izquierda;bagatza;48902;8,66;si;299;10;0,13;0,08;Piso;3;1;115;9;0;260974,9847
Barakaldo;Margen Izquierda;bagatza;48902;7,42;si;299;10;0,13;0,08;Piso;2;0;94;37;0;261716,8058
Barakaldo;Margen Izquierda;bagatza;48902;8,57;si;299;10;0,13;0,08;Piso;1;0;75;20;1;199465,8296
Barakaldo;Margen Izquierda;bagatza;48902;8,8;si;299;10;0,13;0,08;Piso;4;0;113;53;1;280450,2572
Barakaldo;Margen Izquierda;bagatza;48902;8,71;si;299;10;0,13;0,08;Piso;2;1;74;45;0;195100,8712
Barakaldo;Margen Izquierda;bagatza;48902;7,79;si;299;10;0,13;0,08;Piso;2;0;67;14;1;202620,2601
Barakaldo;Margen Izquierda;bagatza;48902;8,13;si;299;10;0,13;0,08;Piso;1;0;68;11;0;221558,069
Barakaldo;Margen Izquierda;bagatza;48902;7,59;si;299;10;0,13;0,08;Piso;1;0;90;54;0;217936,5714
Barakaldo;Margen Izquierda;bagatza;48902;8,96;si;299;10;0,13;0,08;Piso;3;1;116;2;0;275627,1257
Barakaldo;Margen Izquierda;bagatza;48902;7,03;si;299;10;0,13;0,08;Piso;2;1;113;7;1;279869,6673
Barakaldo;Margen Izquierda;bagatza;48902;7,56;si;299;10;0,13;0,08;Piso;1;1;54;14;1;193394,2616
Barakaldo;Margen Izquierda;bagatza;48902;7,46;si;299;10;0,13;0,08;Piso;3;1;140;50;0;304093,2677
Barakaldo;Margen Izquierda;bagatza;48902;8,75;si;299;10;0,13;0,08;Piso;2;1;59;25;0;194182,3086
Barakaldo;Margen Izquierda;bagatza;48902;7,89;si;299;10;0,13;0,08;Piso;2;1;88;17;1;254539,4594
Barakaldo;Margen Izquierda;bagatza;48902;8,31;si;299;10;0,13;0,08;Piso;4;0;132;27;0;316273,6416
Barakaldo;Margen Izquierda;bagatza;48902;8,4;si;299;10;0,13;0,08;Piso;2;1;74;26;0;222030,5589
Barakaldo;Margen Izquierda;bagatza;48902;8,37;si;299;10;0,13;0,08;Piso;3;1;126;9;1;303965,6296
Barakaldo;Margen Izquierda;bagatza;48902;8,18;si;299;10;0,13;0,08;Piso;3;0;115;27;1;256955,609
Barakaldo;Margen Izquierda;bagatza;48902;8,18;si;299;10;0,13;0,08;Piso;1;1;64;45;1;182662,2442
Barakaldo;Margen Izquierda;Retuerto;48903;8,17;no;243;11;0,15;0,07;Piso;1;0;75;47;0;157803,5359
Barakaldo;Margen Izquierda;Retuerto;48904;9,37;no;243;11;0,15;0,07;Piso;2;1;140;23;0;258513,3049
Barakaldo;Margen Izquierda;Retuerto;48905;8,53;no;243;11;0,15;0,07;Piso;4;0;139;43;0;235764,5762
Barakaldo;Margen Izquierda;Retuerto;48906;8,35;no;243;11;0,15;0,07;Piso;2;0;81;36;1;158123,6353
Barakaldo;Margen Izquierda;Retuerto;48907;8,23;no;243;11;0,15;0,07;Piso;4;0;110;27;1;209584,7675
Barakaldo;Margen Izquierda;Retuerto;48908;8,79;no;243;11;0,15;0,07;Piso;2;1;95;32;0;184506,4845
Barakaldo;Margen Izquierda;Retuerto;48909;9,46;no;243;11;0,15;0,07;Piso;2;1;146;51;1;274623,8683
Barakaldo;Margen Izquierda;Retuerto;48910;8,45;no;243;11;0,15;0,07;Piso;2;1;150;30;0;247869,6028
Barakaldo;Margen Izquierda;Retuerto;48911;9,56;no;243;11;0,15;0,07;Piso;2;0;80;51;0;169241,5021
Barakaldo;Margen Izquierda;Retuerto;48912;9,61;no;243;11;0,15;0,07;Piso;4;1;116;17;0;232826,209
Barakaldo;Margen Izquierda;Retuerto;48913;8,43;no;243;11;0,15;0,07;Piso;1;1;82;19;0;163693,9087
Barakaldo;Margen Izquierda;Retuerto;48914;9,32;no;243;11;0,15;0,07;Piso;3;1;138;40;0;223613,8203
Barakaldo;Margen Izquierda;Retuerto;48915;9,96;no;243;11;0,15;0,07;Piso;3;1;104;50;0;189329,512
Barakaldo;Margen Izquierda;Retuerto;48916;8,42;no;243;11;0,15;0,07;Piso;1;0;85;59;0;161084,5953
Barakaldo;Margen Izquierda;Retuerto;48917;9,66;no;243;11;0,15;0,07;Piso;4;1;110;22;0;202947,8064
Barakaldo;Margen Izquierda;Retuerto;48918;8,39;no;243;11;0,15;0,07;Piso;1;1;69;13;1;174243,9466
Barakaldo;Margen Izquierda;Retuerto;48919;8,17;no;243;11;0,15;0,07;Piso;2;1;122;32;1;243536,5923
Barakaldo;Margen Izquierda;Retuerto;48920;8,29;no;243;11;0,15;0,07;Piso;4;0;139;45;1;251417,9519
Barakaldo;Margen Izquierda;Retuerto;48921;8,13;no;243;11;0,15;0,07;Piso;2;0;134;29;0;236015,9355
Barakaldo;Margen Izquierda;Retuerto;48922;9,53;no;243;11;0,15;0,07;Piso;1;0;68;18;1;162703,7491
Barakaldo;Margen Izquierda;Retuerto;48923;9,91;no;243;11;0,15;0,07;Piso;1;0;68;33;1;157894,6497
Barakaldo;Margen Izquierda;Retuerto;48924;9,51;no;243;11;0,15;0,07;Piso;2;0;122;31;0;228472,4296
Barakaldo;Margen Izquierda;Retuerto;48925;8,19;no;243;11;0,15;0,07;Piso;3;1;117;28;0;207144,7304
Barakaldo;Margen Izquierda;Retuerto;48926;8,91;no;243;11;0,15;0,07;Piso;4;1;124;42;1;226796,2276
Barakaldo;Margen Izquierda;Retuerto;48927;8,88;no;243;11;0,15;0,07;Piso;2;1;82;48;1;186358,7605
Barakaldo;Margen Izquierda;Retuerto;48928;8,36;no;243;11;0,15;0,07;Piso;3;1;135;13;1;250197,915
Barakaldo;Margen Izquierda;Retuerto;48929;8,85;no;243;11;0,15;0,07;Piso;2;1;77;3;0;164031,2624
Barakaldo;Margen Izquierda;Retuerto;48930;9,15;no;243;11;0,15;0,07;Piso;4;0;115;47;1;192650,2832
Barakaldo;Margen Izquierda;Retuerto;48931;9,35;no;243;11;0,15;0,07;Piso;3;0;149;59;1;263036,9266
Barakaldo;Margen Izquierda;Retuerto;48932;8,61;no;243;11;0,15;0,07;Piso;3;0;136;45;1;228961,0668
Barakaldo;Margen Izquierda;Retuerto;48933;8,2;no;243;11;0,15;0,07;Piso;1;0;80;16;0;173889,9595
Barakaldo;Margen Izquierda;Retuerto;48934;9,42;no;243;11;0,15;0,07;Piso;4;1;149;23;0;244001,8138
Barakaldo;Margen Izquierda;Retuerto;48935;8,15;no;243;11;0,15;0,07;Piso;4;0;127;15;1;215879,7931
Barakaldo;Margen Izquierda;Retuerto;48936;8,72;no;243;11;0,15;0,07;Piso;2;1;82;3;1;173322,2436
Barakaldo;Margen Izquierda;Retuerto;48937;9,11;no;243;11;0,15;0,07;Piso;2;0;69;20;1;166955,7784
Barakaldo;Margen Izquierda;Retuerto;48938;8,9;no;243;11;0,15;0,07;Piso;2;0;103;9;0;196234,0652
Barakaldo;Margen Izquierda;Retuerto;48939;9,39;no;243;11;0,15;0,07;Piso;2;0;68;20;1;172917,6648
Barakaldo;Margen Izquierda;Retuerto;48940;9,94;no;243;11;0,15;0,07;Piso;1;0;97;35;1;186516,3796
Basauri;Alto Nervión;Basauri;48970;6,03;no;429;13;0,11;0,02;Piso;2;0;145;18;0;355714,3027
Basauri;Alto Nervión;Basauri;48971;4,77;no;429;13;0,11;0,02;Piso;3;0;103;54;1;303097,3449
Basauri;Alto Nervión;Basauri;48972;5,58;no;429;13;0,11;0,02;Piso;2;0;66;46;1;250440,0545
Basauri;Alto Nervión;Basauri;48973;6,95;no;429;13;0,11;0,02;Piso;4;1;139;56;1;336815,333
Basauri;Alto Nervión;Basauri;48974;6,69;no;429;13;0,11;0,02;Piso;3;1;148;7;0;361343,3837
Basauri;Alto Nervión;Basauri;48975;4,29;no;429;13;0,11;0,02;Piso;2;0;72;32;1;245616,4211
Basauri;Alto Nervión;Basauri;48976;5,42;no;429;13;0,11;0,02;Piso;3;1;101;44;1;300986,952
Basauri;Alto Nervión;Basauri;48977;5,79;no;429;13;0,11;0,02;Piso;2;1;61;45;1;244120,2818
Basauri;Alto Nervión;Basauri;48978;4,37;no;429;13;0,11;0,02;Piso;2;0;54;13;1;224680,3657
Basauri;Alto Nervión;Basauri;48979;6,78;no;429;13;0,11;0,02;Piso;2;1;127;31;0;331428,7285
Basauri;Alto Nervión;Basauri;48980;4;no;429;13;0,11;0,02;Piso;1;1;52;49;0;223863,3588
Basauri;Alto Nervión;Basauri;48981;5,57;no;429;13;0,11;0,02;Piso;2;0;70;48;1;252772,4545
Basauri;Alto Nervión;Basauri;48982;4,59;no;429;13;0,11;0,02;Piso;4;1;132;30;0;330945,0294
Basauri;Alto Nervión;Basauri;48983;5,18;no;429;13;0,11;0,02;Piso;2;1;61;54;0;233721,6544
Basauri;Alto Nervión;Basauri;48984;5,49;no;429;13;0,11;0,02;Piso;1;0;88;39;0;275993,8586
Basauri;Alto Nervión;Basauri;48985;4,32;no;429;13;0,11;0,02;Piso;3;0;112;14;0;306673,3724
Basauri;Alto Nervión;Basauri;48986;4,35;no;429;13;0,11;0,02;Piso;1;0;89;58;1;267579,3559
Basauri;Alto Nervión;Basauri;48987;4,97;no;429;13;0,11;0,02;Piso;2;0;91;8;1;271007,457
Basauri;Alto Nervión;Basauri;48988;6,65;no;429;13;0,11;0,02;Piso;4;1;142;6;0;349151,3486
Basauri;Alto Nervión;Basauri;48989;4,84;no;429;13;0,11;0,02;Piso;3;1;141;46;1;338838,099
Basauri;Alto Nervión;Basauri;48990;6,2;no;429;13;0,11;0,02;Piso;2;1;150;59;1;369066,7204
Basauri;Alto Nervión;Basauri;48991;5,58;no;429;13;0,11;0,02;Piso;1;1;71;2;1;244734,7574
Basauri;Alto Nervión;Basauri;48992;6,88;no;429;13;0,11;0,02;Piso;2;0;124;11;1;314910,7993
Basauri;Alto Nervión;Basauri;48993;6,57;no;429;13;0,11;0,02;Piso;2;0;72;3;1;249214,1199
Basauri;Alto Nervión;Basauri;48994;4,35;no;429;13;0,11;0,02;Piso;2;0;61;37;0;242390,4091
Basauri;Alto Nervión;Basauri;48995;4,51;no;429;13;0,11;0,02;Piso;2;0;109;50;0;309772,1471
Basauri;Alto Nervión;Basauri;48996;5,64;no;429;13;0,11;0,02;Piso;2;0;105;15;1;297415,9583
Basauri;Alto Nervión;Basauri;48997;6,69;no;429;13;0,11;0,02;Piso;1;0;82;38;0;264191,0411
Basauri;Alto Nervión;Basauri;48998;6,19;no;429;13;0,11;0,02;Piso;1;1;82;42;1;272900,0358
Basauri;Alto Nervión;Basauri;48999;4,45;no;429;13;0,11;0,02;Piso;3;1;112;46;1;308330,0783
Basauri;Alto Nervión;Basauri;49000;4,28;no;429;13;0,11;0,02;Piso;2;0;109;46;1;294891,1011
Basauri;Alto Nervión;Basauri;49001;5,25;no;429;13;0,11;0,02;Piso;4;0;144;10;1;347540,7857
Basauri;Alto Nervión;Basauri;49002;4,81;no;429;13;0,11;0,02;Piso;2;1;88;21;1;282067,3758
Basauri;Alto Nervión;Basauri;49003;5,11;no;429;13;0,11;0,02;Piso;1;1;76;15;0;253346,297
Basauri;Alto Nervión;Basauri;49004;7;no;429;13;0,11;0,02;Piso;1;0;69;42;1;250683,84
Basauri;Alto Nervión;Basauri;49005;5,19;no;429;13;0,11;0,02;Piso;2;1;139;42;0;339026,886
Bilbao;Centro;Arenal;48001;1,04;si;148;50;0,05;0,020027064;Piso;1;0;75;55;1;232920,1358
Bilbao;Centro;Arenal;48001;0,91;si;148;50;0,05;0,020027064;Piso;1;0;66;49;0;207291,2301
Bilbao;Centro;Arenal;48001;1,1;si;148;50;0,05;0,020027064;Piso;4;1;148;41;1;353813,8189
Bilbao;Centro;Arenal;48001;1,08;si;148;50;0,05;0,020027064;Piso;3;1;141;14;0;356331,4828
Bilbao;Centro;Arenal;48001;1,04;si;148;50;0,05;0,020027064;Piso;2;1;86;13;1;258215,3792
Bilbao;Centro;Arenal;48001;0,98;si;148;50;0,05;0,020027064;Piso;2;1;58;28;1;205825,1054
Bilbao;Centro;Arenal;48001;1,01;si;148;50;0,05;0,020027064;Piso;2;0;144;8;0;364418,6591
Bilbao;Centro;Arenal;48001;1,01;si;148;50;0,05;0,020027064;Piso;2;1;91;55;1;261202,3149
Bilbao;Centro;Arenal;48001;0,97;si;148;50;0,05;0,020027064;Piso;2;1;62;19;1;200784,7057
Bilbao;Centro;Arenal;48001;0,98;si;148;50;0,05;0,020027064;Piso;4;1;140;53;1;352517,0907
Bilbao;Centro;Arenal;48001;1,08;si;148;50;0,05;0,020027064;Piso;2;0;50;38;1;189872,7536
Bilbao;Centro;Arenal;48001;0,94;si;148;50;0,05;0,020027064;Piso;1;0;81;55;1;238244,5516
Bilbao;Centro;Arenal;48001;0,93;si;148;50;0,05;0,020027064;Piso;2;1;119;17;0;299812,3892
Bilbao;Centro;Arenal;48001;1,01;si;148;50;0,05;0,020027064;Piso;1;1;82;35;0;242500,0435
Bilbao;Centro;Arenal;48001;1,05;si;148;50;0,05;0,020027064;Piso;2;0;148;52;0;371732,6846
Bilbao;Centro;Arenal;48001;0,9;si;148;50;0,05;0,020027064;Piso;2;1;136;34;0;346194,803
Bilbao;Centro;Arenal;48001;1,06;si;148;50;0,05;0,020027064;Piso;3;0;105;17;0;285431,1539
Bilbao;Centro;Arenal;48001;1,01;si;148;50;0,05;0,020027064;Piso;2;0;61;48;1;203036,8866
Bilbao;Centro;Arenal;48001;1,09;si;148;50;0,05;0,020027064;Piso;3;0;145;26;1;368470,8167
Bilbao;Centro;Arenal;48001;1,05;si;148;50;0,05;0,020027064;Piso;1;1;78;39;0;226674,5176
Bilbao;Centro;Arenal;48001;1,07;si;148;50;0,05;0,020027064;Piso;2;1;61;37;0;197628,5144
Bilbao;Centro;Arenal;48001;0,97;si;148;50;0,05;0,020027064;Piso;2;0;94;43;0;267609,2262
Bilbao;Centro;Arenal;48001;0,9;si;148;50;0,05;0,020027064;Piso;2;1;94;35;0;255788,227
Bilbao;Centro;Arenal;48001;0,95;si;148;50;0,05;0,020027064;Piso;2;0;119;17;1;300242,4288
Bilbao;Centro;Arenal;48001;1;si;148;50;0,05;0,020027064;Piso;1;0;53;8;0;186495,2894
Bilbao;Centro;Arenal;48001;0,94;si;148;50;0,05;0,020027064;Piso;2;1;122;43;0;312666,4168
Bilbao;Centro;Arenal;48001;0,94;si;148;50;0,05;0,020027064;Piso;3;0;127;35;1;326986,2016
Bilbao;Centro;Arenal;48001;0,92;si;148;50;0,05;0,020027064;Piso;1;0;80;20;0;235141,0318
Bilbao;Centro;Arenal;48001;1,1;si;148;50;0,05;0,020027064;Piso;2;1;120;18;1;321740,892
Bilbao;Centro;Arenal;48001;1;si;148;50;0,05;0,020027064;Piso;3;0;126;50;0;327650,425
Bilbao;Centro;Arenal;48001;0,99;si;148;50;0,05;0,020027064;Piso;2;1;111;45;1;301324,1717
Bilbao;Centro;Arenal;48001;0,92;si;148;50;0,05;0,020027064;Piso;2;0;116;16;1;306044,2241
Bilbao;Centro;Arenal;48001;1,07;si;148;50;0,05;0,020027064;Piso;1;0;93;28;0;252199,9816
Bilbao;Centro;Arenal;48001;1,03;si;148;50;0,05;0,020027064;Piso;1;1;70;55;0;223222,4487
Bilbao;Centro;Arenal;48001;1,02;si;148;50;0,05;0,020027064;Piso;3;1;136;56;1;344280,4391
Bilbao;Centro;uretamendi;48002;7,43;no;155;36;0,15;0,02097429;Piso;2;1;84;42;0;139256,0193
Bilbao;Centro;uretamendi;48003;7,51;no;155;36;0,15;0,02097429;Piso;1;0;85;43;0;124849,5
Bilbao;Centro;uretamendi;48004;7,3;no;155;36;0,15;0,02097429;Piso;1;1;74;2;1;118290,976
Bilbao;Centro;uretamendi;48005;7,11;no;155;36;0,15;0,02097429;Piso;2;1;108;54;0;141646,084
Bilbao;Centro;uretamendi;48006;7,49;no;155;36;0,15;0,02097429;Piso;2;1;76;39;1;131688,172
Bilbao;Centro;uretamendi;48007;7,27;no;155;36;0,15;0,02097429;Piso;2;1;78;41;0;135286,2341
Bilbao;Centro;uretamendi;48008;7,02;no;155;36;0,15;0,02097429;Piso;2;1;58;36;0;114050,2329
Bilbao;Centro;uretamendi;48009;7,95;no;155;36;0,15;0,02097429;Piso;3;1;117;43;1;168975,4506
Bilbao;Centro;uretamendi;48010;7,58;no;155;36;0,15;0,02097429;Piso;2;1;94;22;1;145305,7801
Bilbao;Centro;uretamendi;48011;7,99;no;155;36;0,15;0,02097429;Piso;2;1;116;56;0;166703,2105
Bilbao;Centro;uretamendi;48012;7,22;no;155;36;0,15;0,02097429;Piso;2;1;141;59;1;172019,5425
Bilbao;Centro;uretamendi;48013;7,43;no;155;36;0,15;0,02097429;Piso;2;1;89;56;0;129526,0456
Bilbao;Centro;uretamendi;48014;7,25;no;155;36;0,15;0,02097429;Piso;4;0;144;34;1;185688,4954
Bilbao;Centro;uretamendi;48015;7,53;no;155;36;0,15;0,02097429;Piso;3;1;136;24;1;201581,9327
Bilbao;Centro;uretamendi;48016;7,7;no;155;36;0,15;0,02097429;Piso;2;0;69;24;1;115327,0269
Bilbao;Centro;uretamendi;48017;7,73;no;155;36;0,15;0,02097429;Piso;1;1;94;43;1;152540,6573
Bilbao;Centro;uretamendi;48018;7,74;no;155;36;0,15;0,02097429;Piso;1;0;69;11;0;124716,9988
Bilbao;Centro;uretamendi;48019;7,85;no;155;36;0,15;0,02097429;Piso;1;0;63;41;1;106977,3881
Bilbao;Centro;uretamendi;48020;7,82;no;155;36;0,15;0,02097429;Piso;4;0;117;58;1;181040,8185
Bilbao;Centro;uretamendi;48021;7,17;no;155;36;0,15;0,02097429;Piso;2;0;53;18;1;92395,81918
Bilbao;Centro;uretamendi;48022;7,18;no;155;36;0,15;0,02097429;Piso;2;1;128;51;0;166032,3712
Bilbao;Centro;uretamendi;48023;7,9;no;155;36;0,15;0,02097429;Piso;4;1;126;15;0;165126,4362
Bilbao;Centro;uretamendi;48024;7,73;no;155;36;0,15;0,02097429;Piso;1;0;88;50;1;123419,5458
Bilbao;Centro;uretamendi;48025;7,51;no;155;36;0,15;0,02097429;Piso;1;1;97;28;1;139899,866
Bilbao;Centro;uretamendi;48026;7,93;no;155;36;0,15;0,02097429;Piso;1;1;96;57;0;153862,7415
Bilbao;Centro;uretamendi;48027;7,23;no;155;36;0,15;0,02097429;Piso;3;0;124;45;1;175529,8258
Bilbao;Centro;uretamendi;48028;7,17;no;155;36;0,15;0,02097429;Piso;2;1;69;44;1;124379,4457
Bilbao;Centro;uretamendi;48029;7,14;no;155;36;0,15;0,02097429;Piso;2;0;140;60;1;170669,701
Bilbao;Centro;uretamendi;48030;7,89;no;155;36;0,15;0,02097429;Piso;3;1;101;18;1;136492,9555
Bilbao;Centro;uretamendi;48031;7,94;no;155;36;0,15;0,02097429;Piso;3;1;144;57;1;175167,1181
Bilbao;Centro;uretamendi;48032;7,2;no;155;36;0,15;0,02097429;Piso;2;1;116;28;1;158504,2333
Bilbao;Centro;uretamendi;48033;7,76;no;155;36;0,15;0,02097429;Piso;2;1;142;52;0;192913,1837
Bilbao;Centro;uretamendi;48034;7,79;no;155;36;0,15;0,02097429;Piso;2;0;75;12;1;130166,0031
Bilbao;Centro;otxarkoaga;48004;5,31;no;350;90;0,08;0,027361299;Piso;1;0;69;7;1;204639,2637
Bilbao;Centro;otxarkoaga;48005;5,04;no;350;90;0,08;0,027361299;Piso;2;1;59;6;0;193605,8739
Bilbao;Centro;otxarkoaga;48006;5,41;no;350;90;0,08;0,027361299;Piso;1;0;79;8;1;198823,1616
Bilbao;Centro;otxarkoaga;48007;4,47;no;350;90;0,08;0,027361299;Piso;1;0;65;11;0;189732,0141
Bilbao;Centro;otxarkoaga;48008;5,08;no;350;90;0,08;0,027361299;Piso;3;1;115;43;0;237113,6299
Bilbao;Centro;otxarkoaga;48009;4,83;no;350;90;0,08;0,027361299;Piso;4;1;148;8;0;258092,1986
Bilbao;Centro;otxarkoaga;48010;4,92;no;350;90;0,08;0,027361299;Piso;1;1;59;55;1;193764,4594
Bilbao;Centro;otxarkoaga;48011;4,72;no;350;90;0,08;0,027361299;Piso;3;1;106;9;0;243500,0178
Bilbao;Centro;otxarkoaga;48012;5,03;no;350;90;0,08;0,027361299;Piso;1;1;55;12;0;164504,2236
Bilbao;Centro;otxarkoaga;48013;4,78;no;350;90;0,08;0,027361299;Piso;4;1;129;46;0;282698,0749
Bilbao;Centro;otxarkoaga;48014;4,3;no;350;90;0,08;0,027361299;Piso;2;0;108;35;1;225600,2132
Bilbao;Centro;otxarkoaga;48015;4,07;no;350;90;0,08;0,027361299;Piso;3;0;120;16;1;234271,2766
Bilbao;Centro;otxarkoaga;48016;5,37;no;350;90;0,08;0,027361299;Piso;2;1;99;9;1;243571,4714
Bilbao;Centro;otxarkoaga;48017;5,16;no;350;90;0,08;0,027361299;Piso;2;1;86;21;1;196403,9661
Bilbao;Centro;otxarkoaga;48018;4,13;no;350;90;0,08;0,027361299;Piso;2;0;59;15;1;181510,8946
Bilbao;Centro;otxarkoaga;48019;4,38;no;350;90;0,08;0,027361299;Piso;2;1;124;15;0;241787,938
Bilbao;Centro;otxarkoaga;48020;4,34;no;350;90;0,08;0,027361299;Piso;2;0;62;56;0;196323,3839
Bilbao;Centro;otxarkoaga;48021;4,19;no;350;90;0,08;0,027361299;Piso;1;1;59;26;1;190715,687
Bilbao;Centro;otxarkoaga;48022;4,01;no;350;90;0,08;0,027361299;Piso;4;1;134;28;1;284996,5177
Bilbao;Centro;otxarkoaga;48023;4,84;no;350;90;0,08;0,027361299;Piso;1;0;98;29;0;229077,0528
Bilbao;Centro;otxarkoaga;48024;4,49;no;350;90;0,08;0,027361299;Piso;1;1;57;31;0;190663,4497
Bilbao;Centro;otxarkoaga;48025;4,09;no;350;90;0,08;0,027361299;Piso;2;0;71;29;0;209826,0489
Bilbao;Centro;otxarkoaga;48026;4,64;no;350;90;0,08;0,027361299;Piso;1;0;64;51;0;176019,244
Bilbao;Centro;otxarkoaga;48027;4,44;no;350;90;0,08;0,027361299;Piso;2;0;51;37;0;180937,3671
Bilbao;Centro;otxarkoaga;48028;4,42;no;350;90;0,08;0,027361299;Piso;4;1;107;17;1;245971,2651
Bilbao;Centro;otxarkoaga;48029;4,48;no;350;90;0,08;0,027361299;Piso;2;0;100;41;0;231818,299
Bilbao;Centro;otxarkoaga;48030;4,7;no;350;90;0,08;0,027361299;Piso;1;0;83;19;0;226566,2246
Bilbao;Centro;otxarkoaga;48031;4,37;no;350;90;0,08;0,027361299;Piso;3;0;143;21;1;266634,0537
Bilbao;Centro;otxarkoaga;48032;5,14;no;350;90;0,08;0,027361299;Piso;1;1;80;52;1;203762,4799
Bilbao;Centro;otxarkoaga;48033;4,22;no;350;90;0,08;0,027361299;Piso;4;1;116;9;0;246991,9561
Bilbao;Centro;otxarkoaga;48034;5,13;no;350;90;0,08;0,027361299;Piso;4;0;122;25;1;274812,4239
Bilbao;Centro;otxarkoaga;48035;4,33;no;350;90;0,08;0,027361299;Piso;3;1;105;52;1;239227,6728
Bilbao;Centro;otxarkoaga;48036;4,03;no;350;90;0,08;0,027361299;Piso;4;1;117;23;0;231485,5107
Bilbao;Centro;otxarkoaga;48037;4,72;no;350;90;0,08;0,027361299;Piso;3;1;139;15;1;281127,8178
Bilbao;Centro;otxarkoaga;48038;4,59;no;350;90;0,08;0,027361299;Piso;1;0;62;17;1;190395,6865
Bilbao;Centro;otxarkoaga;48039;4,99;no;350;90;0,08;0,027361299;Piso;3;1;137;21;1;287872,6984
Bilbao;Centro;otxarkoaga;48040;4,46;no;350;90;0,08;0,027361299;Piso;1;1;67;28;1;193197,4418
Bilbao;Centro;otxarkoaga;48041;4,6;no;350;90;0,08;0,027361299;Piso;2;1;81;45;0;221903,6488
Bilbao;Centro;otxarkoaga;48042;4,73;no;350;90;0,08;0,027361299;Piso;4;0;128;55;1;277482,4371
Bilbao;Centro;otxarkoaga;48043;4,08;no;350;90;0,08;0,027361299;Piso;4;1;147;3;1;272082,0132
Bilbao;Centro;otxarkoaga;48044;5,01;no;350;90;0,08;0,027361299;Piso;1;1;87;34;1;200466,6448
Bilbao;Centro;casco viejo;48005;1,88;si;253;61;0,22;0,034235453;Piso;1;1;74;33;0;243591,9928
Bilbao;Centro;casco viejo;48006;1,94;si;253;61;0,22;0,034235453;Piso;1;0;81;59;0;260917,4364
Bilbao;Centro;casco viejo;48007;2,16;si;253;61;0,22;0,034235453;Piso;2;0;125;21;0;337884,645
Bilbao;Centro;casco viejo;48008;2,14;si;253;61;0,22;0,034235453;Piso;2;0;114;58;1;303819,7328
Bilbao;Centro;casco viejo;48009;2,07;si;253;61;0,22;0,034235453;Piso;4;1;145;56;0;353420,1249
Bilbao;Centro;casco viejo;48010;1,95;si;253;61;0,22;0,034235453;Piso;2;1;146;24;0;363416,236
Bilbao;Centro;casco viejo;48011;2,02;si;253;61;0,22;0,034235453;Piso;2;0;113;46;0;296861,4641
Bilbao;Centro;casco viejo;48012;1,91;si;253;61;0,22;0,034235453;Piso;2;0;109;53;0;294862,1119
Bilbao;Centro;casco viejo;48013;2,19;si;253;61;0,22;0,034235453;Piso;2;1;69;16;0;243041,1049
Bilbao;Centro;casco viejo;48014;2,11;si;253;61;0,22;0,034235453;Piso;1;1;51;5;0;215977,7419
Bilbao;Centro;casco viejo;48015;1,88;si;253;61;0,22;0,034235453;Piso;4;0;115;42;1;311300,2785
Bilbao;Centro;casco viejo;48016;1,92;si;253;61;0,22;0,034235453;Piso;4;1;108;29;1;292651,1097
Bilbao;Centro;casco viejo;48017;2,16;si;253;61;0,22;0,034235453;Piso;4;0;146;29;1;360389,6533
Bilbao;Centro;casco viejo;48018;1,84;si;253;61;0,22;0,034235453;Piso;4;1;133;23;0;339444,224
Bilbao;Centro;casco viejo;48019;1,83;si;253;61;0,22;0,034235453;Piso;4;1;119;8;0;330589,8416
Bilbao;Centro;casco viejo;48020;1,88;si;253;61;0,22;0,034235453;Piso;2;1;82;51;1;265404,3782
Bilbao;Centro;casco viejo;48021;1,85;si;253;61;0,22;0,034235453;Piso;1;1;51;23;0;215811,5216
Bilbao;Centro;casco viejo;48022;2,17;si;253;61;0,22;0,034235453;Piso;2;1;84;38;0;267418,6368
Bilbao;Centro;casco viejo;48023;1,9;si;253;61;0,22;0,034235453;Piso;1;0;68;44;1;240985,9082
Bilbao;Centro;casco viejo;48024;2,04;si;253;61;0,22;0,034235453;Piso;1;1;99;26;1;280423,5371
Bilbao;Centro;casco viejo;48025;1,82;si;253;61;0,22;0,034235453;Piso;1;0;73;37;0;237868,7805
Bilbao;Centro;casco viejo;48026;2,12;si;253;61;0,22;0,034235453;Piso;2;1;68;31;1;232768,0463
Bilbao;Centro;casco viejo;48027;1,86;si;253;61;0,22;0,034235453;Piso;2;1;119;52;1;308039,9621
Bilbao;Centro;casco viejo;48028;2,19;si;253;61;0,22;0,034235453;Piso;3;1;140;19;0;344859,5263
Bilbao;Centro;casco viejo;48029;2,14;si;253;61;0,22;0,034235453;Piso;4;1;110;11;1;304226,4012
Bilbao;Centro;casco viejo;48030;1,9;si;253;61;0,22;0,034235453;Piso;4;1;127;43;0;329909,4034
Bilbao;Centro;casco viejo;48031;2,18;si;253;61;0,22;0,034235453;Piso;2;0;99;12;0;275358,6168
Bilbao;Centro;casco viejo;48032;1,83;si;253;61;0,22;0,034235453;Piso;2;1;79;25;0;248816,8059
Bilbao;Centro;casco viejo;48033;1,91;si;253;61;0,22;0,034235453;Piso;2;1;68;15;1;232828,6082
Bilbao;Centro;casco viejo;48034;2,06;si;253;61;0,22;0,034235453;Piso;3;0;143;32;0;368398,6588
Bilbao;Centro;casco viejo;48035;1,97;si;253;61;0,22;0,034235453;Piso;1;0;71;13;0;248014,3274
Bilbao;Centro;casco viejo;48036;2,04;si;253;61;0,22;0,034235453;Piso;4;0;121;15;1;320838,6721
Bilbao;Centro;casco viejo;48037;2,13;si;253;61;0,22;0,034235453;Piso;2;1;65;45;0;223702,1791
Bilbao;Centro;casco viejo;48038;1,98;si;253;61;0,22;0,034235453;Piso;4;0;140;55;0;354551,8288
Bilbao;Centro;casco viejo;48039;1,81;si;253;61;0,22;0,034235453;Piso;1;0;56;60;1;218460,5493
Bilbao;Centro;casco viejo;48040;2,04;si;253;61;0,22;0,034235453;Piso;3;0;141;45;0;360221,5908
Bilbao;Centro;casco viejo;48041;2,02;si;253;61;0,22;0,034235453;Piso;2;1;60;31;1;223383,7167
Bilbao;Centro;casco viejo;48042;2,13;si;253;61;0,22;0,034235453;Piso;2;1;91;53;1;280030,0652
Bilbao;Centro;casco viejo;48043;2,11;si;253;61;0,22;0,034235453;Piso;3;0;129;37;1;337285,4895
